{"data": [{"ec5_uuid":"5c286413-e7f4-4020-8a46-daa248df6547","created_at":"2022-03-20T14:27:33.293Z","uploaded_at":"2022-03-20T16:30:42.000Z","title":"20/03/2022 15:27:16","1_Prosimy_o_zdjcie_z":"https://five.epicollect.net/api/media/dzikie-wysypiska?type=photo&format=entry_original&name=5c286413-e7f4-4020-8a46-daa248df6547_1647786423.jpg","2_Jeli_chcesz_dodaj_":"","3_Jeli_chcesz_dodaj_":"","4_Jeli_chcesz_dodaj_":"","5_Tutaj_zlokalizowan":{"latitude":51.763738,"longitude":19.45624,"accuracy":11,"UTM_Northing":5735888,"UTM_Easting":393466,"UTM_Zone":"34U"},"6_Jeeli_masz_uwagi_d":"","7_Dzisiejsza_data__p":"20/03/2022","8_Aktualny_czas__pro":"15:27:16","9_Czy_chcesz_nam_pow":"Nie","10_Jak_oceniasz_powi":"","11_Jaki_jest_charakt":"","12_Opisz_charakter_z":"","13_Czy_moesz_oceni_c":"","14_W_jakim_miejscu_j":"","15_Opisz_miejsce_zna":"","16_Czy_znalezione_wy":"","17_Jakie_rodzaje_odp":[],"18_Opisz_rodzaj_znal":"","19_Czy_po_raz_pierws":"Nie","20_Wymyl_swoj_nazw_u":"","21_Wpisz_swoj_nazw_u":"Uffo7","22_Czy_chcesz_powied":""},{"ec5_uuid":"ebd95cbc-5362-4bab-b4b5-de3223736fc7","created_at":"2022-03-20T13:49:32.461Z","uploaded_at":"2022-03-20T13:49:44.000Z","title":"20/03/2022 14:48:55","1_Prosimy_o_zdjcie_z":"https://five.epicollect.net/api/media/dzikie-wysypiska?type=photo&format=entry_original&name=ebd95cbc-5362-4bab-b4b5-de3223736fc7_1647784106.jpg","2_Jeli_chcesz_dodaj_":"","3_Jeli_chcesz_dodaj_":"","4_Jeli_chcesz_dodaj_":"","5_Tutaj_zlokalizowan":{"latitude":51.733033,"longitude":19.462718,"accuracy":7,"UTM_Northing":5732464,"UTM_Easting":393841,"UTM_Zone":"34U"},"6_Jeeli_masz_uwagi_d":"","7_Dzisiejsza_data__p":"20/03/2022","8_Aktualny_czas__pro":"14:48:55","9_Czy_chcesz_nam_pow":"Nie","10_Jak_oceniasz_powi":"","11_Jaki_jest_charakt":"","12_Opisz_charakter_z":"","13_Czy_moesz_oceni_c":"","14_W_jakim_miejscu_j":"","15_Opisz_miejsce_zna":"","16_Czy_znalezione_wy":"","17_Jakie_rodzaje_odp":[],"18_Opisz_rodzaj_znal":"","19_Czy_po_raz_pierws":"Nie","20_Wymyl_swoj_nazw_u":"","21_Wpisz_swoj_nazw_u":"MacieJ","22_Czy_chcesz_powied":""},{"ec5_uuid":"a0c464a1-320a-4266-9ce7-b9ad5ebf1f3f","created_at":"2022-03-19T12:41:42.299Z","uploaded_at":"2022-03-19T12:41:47.000Z","title":"19/03/2022 13:40:38","1_Prosimy_o_zdjcie_z":"https://five.epicollect.net/api/media/dzikie-wysypiska?type=photo&format=entry_original&name=a0c464a1-320a-4266-9ce7-b9ad5ebf1f3f_1647693588.jpg","2_Jeli_chcesz_dodaj_":"https://five.epicollect.net/api/media/dzikie-wysypiska?type=photo&format=entry_original&name=a0c464a1-320a-4266-9ce7-b9ad5ebf1f3f_1647693606.jpg","3_Jeli_chcesz_dodaj_":"https://five.epicollect.net/api/media/dzikie-wysypiska?type=photo&format=entry_original&name=a0c464a1-320a-4266-9ce7-b9ad5ebf1f3f_1647693614.jpg","4_Jeli_chcesz_dodaj_":"https://five.epicollect.net/api/media/dzikie-wysypiska?type=photo&format=entry_original&name=a0c464a1-320a-4266-9ce7-b9ad5ebf1f3f_1647693627.jpg","5_Tutaj_zlokalizowan":{"latitude":51.77905,"longitude":19.504744,"accuracy":7,"UTM_Northing":5737521,"UTM_Easting":396847,"UTM_Zone":"34U"},"6_Jeeli_masz_uwagi_d":"","7_Dzisiejsza_data__p":"19/03/2022","8_Aktualny_czas__pro":"13:40:38","9_Czy_chcesz_nam_pow":"Tak","10_Jak_oceniasz_powi":"od 6 do 50 m. kw - pok\u00f3j lub kilka pokoi","11_Jaki_jest_charakt":"kilka stos\u00f3w","12_Opisz_charakter_z":"","13_Czy_moesz_oceni_c":"le\u017c\u0105ce przez wiele miesi\u0119cy","14_W_jakim_miejscu_j":"teren zielony w mie\u015bcie (ziele\u0144 miejska, park, skwer)","15_Opisz_miejsce_zna":"","16_Czy_znalezione_wy":"Dobrze widoczne","17_Jakie_rodzaje_odp":["meble","elektroodpady (zu\u017cyty sprz\u0119t elektryczny i elektroniczny)\u00a0","plastik","szk\u0142o ","z\u0142om metalowy","puszki","butelki po alkoholu","cz\u0119\u015bci samochodowe","zu\u017cyte\u00a0opony"],"18_Opisz_rodzaj_znal":"","19_Czy_po_raz_pierws":"Nie","20_Wymyl_swoj_nazw_u":"","21_Wpisz_swoj_nazw_u":"DarkerOne","22_Czy_chcesz_powied":""},{"ec5_uuid":"d7368f9e-6778-4d47-bdae-05b54bd93768","created_at":"2022-03-19T12:25:35.235Z","uploaded_at":"2022-03-19T12:25:43.000Z","title":"19/03/2022 13:23:34","1_Prosimy_o_zdjcie_z":"https://five.epicollect.net/api/media/dzikie-wysypiska?type=photo&format=entry_original&name=d7368f9e-6778-4d47-bdae-05b54bd93768_1647692531.jpg","2_Jeli_chcesz_dodaj_":"https://five.epicollect.net/api/media/dzikie-wysypiska?type=photo&format=entry_original&name=d7368f9e-6778-4d47-bdae-05b54bd93768_1647692583.jpg","3_Jeli_chcesz_dodaj_":"https://five.epicollect.net/api/media/dzikie-wysypiska?type=photo&format=entry_original&name=d7368f9e-6778-4d47-bdae-05b54bd93768_1647692594.jpg","4_Jeli_chcesz_dodaj_":"","5_Tutaj_zlokalizowan":{"latitude":51.777793,"longitude":19.502272,"accuracy":1000,"UTM_Northing":5737385,"UTM_Easting":396674,"UTM_Zone":"34U"},"6_Jeeli_masz_uwagi_d":"","7_Dzisiejsza_data__p":"19/03/2022","8_Aktualny_czas__pro":"13:23:34","9_Czy_chcesz_nam_pow":"Tak","10_Jak_oceniasz_powi":"od 6 do 50 m. kw - pok\u00f3j lub kilka pokoi","11_Jaki_jest_charakt":"kilka stos\u00f3w","12_Opisz_charakter_z":"","13_Czy_moesz_oceni_c":"le\u017c\u0105ce przez wiele miesi\u0119cy","14_W_jakim_miejscu_j":"teren zielony w mie\u015bcie (ziele\u0144 miejska, park, skwer)","15_Opisz_miejsce_zna":"","16_Czy_znalezione_wy":"Dobrze widoczne","17_Jakie_rodzaje_odp":["butelki po alkoholu"],"18_Opisz_rodzaj_znal":"Butelki g\u0142\u00f3wnie taniego szampana, troch\u0119 po piwie i w\u00f3dce","19_Czy_po_raz_pierws":"Nie","20_Wymyl_swoj_nazw_u":"","21_Wpisz_swoj_nazw_u":"DarkerOne","22_Czy_chcesz_powied":""},{"ec5_uuid":"1b588313-980f-48a9-abda-846a5df9a3ce","created_at":"2022-03-19T11:58:45.069Z","uploaded_at":"2022-03-19T11:59:04.000Z","title":"19/03/2022 12:57:21","1_Prosimy_o_zdjcie_z":"https://five.epicollect.net/api/media/dzikie-wysypiska?type=photo&format=entry_original&name=1b588313-980f-48a9-abda-846a5df9a3ce_1647691004.jpg","2_Jeli_chcesz_dodaj_":"","3_Jeli_chcesz_dodaj_":"","4_Jeli_chcesz_dodaj_":"","5_Tutaj_zlokalizowan":{"latitude":51.778642,"longitude":19.5039,"accuracy":4,"UTM_Northing":5737477,"UTM_Easting":396788,"UTM_Zone":"34U"},"6_Jeeli_masz_uwagi_d":"","7_Dzisiejsza_data__p":"19/03/2022","8_Aktualny_czas__pro":"12:57:21","9_Czy_chcesz_nam_pow":"Tak","10_Jak_oceniasz_powi":"do 5 metr\u00f3w kwadratowych (m. kw) - mniejsze ni\u017c ma\u0142y pok\u00f3j","11_Jaki_jest_charakt":"pojedyncze du\u017ce gabaryty (np. muszla klozetowa, lod\u00f3wka)","12_Opisz_charakter_z":"","13_Czy_moesz_oceni_c":"le\u017c\u0105ce przez wiele miesi\u0119cy","14_W_jakim_miejscu_j":"teren zielony w mie\u015bcie (ziele\u0144 miejska, park, skwer)","15_Opisz_miejsce_zna":"","16_Czy_znalezione_wy":"Dobrze widoczne","17_Jakie_rodzaje_odp":["elektroodpady (zu\u017cyty sprz\u0119t elektryczny i elektroniczny)\u00a0"],"18_Opisz_rodzaj_znal":"Lod\u00f3wka","19_Czy_po_raz_pierws":"Nie","20_Wymyl_swoj_nazw_u":"","21_Wpisz_swoj_nazw_u":"DarkerOne","22_Czy_chcesz_powied":""},{"ec5_uuid":"dc64dab6-d22b-450f-9579-7ea4dae91d16","created_at":"2022-03-17T12:34:51.192Z","uploaded_at":"2022-03-17T12:34:56.000Z","title":"17/03/2022 13:34:33","1_Prosimy_o_zdjcie_z":"https://five.epicollect.net/api/media/dzikie-wysypiska?type=photo&format=entry_original&name=dc64dab6-d22b-450f-9579-7ea4dae91d16_1647520405.jpg","2_Jeli_chcesz_dodaj_":"https://five.epicollect.net/api/media/dzikie-wysypiska?type=photo&format=entry_original&name=dc64dab6-d22b-450f-9579-7ea4dae91d16_1647520424.jpg","3_Jeli_chcesz_dodaj_":"","4_Jeli_chcesz_dodaj_":"","5_Tutaj_zlokalizowan":{"latitude":51.788935,"longitude":19.441743,"accuracy":4,"UTM_Northing":5738711,"UTM_Easting":392525,"UTM_Zone":"34U"},"6_Jeeli_masz_uwagi_d":"Okolice Piekarskiej 8","7_Dzisiejsza_data__p":"17/03/2022","8_Aktualny_czas__pro":"13:34:33","9_Czy_chcesz_nam_pow":"Nie","10_Jak_oceniasz_powi":"","11_Jaki_jest_charakt":"","12_Opisz_charakter_z":"","13_Czy_moesz_oceni_c":"","14_W_jakim_miejscu_j":"","15_Opisz_miejsce_zna":"","16_Czy_znalezione_wy":"","17_Jakie_rodzaje_odp":[],"18_Opisz_rodzaj_znal":"","19_Czy_po_raz_pierws":"Nie","20_Wymyl_swoj_nazw_u":"","21_Wpisz_swoj_nazw_u":"Kraterek","22_Czy_chcesz_powied":""},{"ec5_uuid":"a942b0dc-ecd7-4030-8162-00ad20566c72","created_at":"2022-03-17T06:34:57.949Z","uploaded_at":"2022-03-17T06:35:13.000Z","title":"17/03/2022 07:34:34","1_Prosimy_o_zdjcie_z":"https://five.epicollect.net/api/media/dzikie-wysypiska?type=photo&format=entry_original&name=a942b0dc-ecd7-4030-8162-00ad20566c72_1647498812.jpg","2_Jeli_chcesz_dodaj_":"https://five.epicollect.net/api/media/dzikie-wysypiska?type=photo&format=entry_original&name=a942b0dc-ecd7-4030-8162-00ad20566c72_1647498837.jpg","3_Jeli_chcesz_dodaj_":"https://five.epicollect.net/api/media/dzikie-wysypiska?type=photo&format=entry_original&name=a942b0dc-ecd7-4030-8162-00ad20566c72_1647498857.jpg","4_Jeli_chcesz_dodaj_":"","5_Tutaj_zlokalizowan":{"latitude":51.769472,"longitude":19.444725,"accuracy":3,"UTM_Northing":5736542,"UTM_Easting":392685,"UTM_Zone":"34U"},"6_Jeeli_masz_uwagi_d":"","7_Dzisiejsza_data__p":"17/03/2022","8_Aktualny_czas__pro":"07:34:34","9_Czy_chcesz_nam_pow":"Nie","10_Jak_oceniasz_powi":"","11_Jaki_jest_charakt":"","12_Opisz_charakter_z":"","13_Czy_moesz_oceni_c":"","14_W_jakim_miejscu_j":"","15_Opisz_miejsce_zna":"","16_Czy_znalezione_wy":"","17_Jakie_rodzaje_odp":[],"18_Opisz_rodzaj_znal":"","19_Czy_po_raz_pierws":"Nie","20_Wymyl_swoj_nazw_u":"","21_Wpisz_swoj_nazw_u":"Efem","22_Czy_chcesz_powied":""},{"ec5_uuid":"214b73fc-99cf-48a5-a64b-f56b9a240557","created_at":"2022-03-16T15:39:29.632Z","uploaded_at":"2022-03-19T11:56:20.000Z","title":"16/03/2022 16:37:08 DarkerOne","1_Prosimy_o_zdjcie_z":"https://five.epicollect.net/api/media/dzikie-wysypiska?type=photo&format=entry_original&name=214b73fc-99cf-48a5-a64b-f56b9a240557_1647444775.jpg","2_Jeli_chcesz_dodaj_":"","3_Jeli_chcesz_dodaj_":"","4_Jeli_chcesz_dodaj_":"","5_Tutaj_zlokalizowan":{"latitude":"","longitude":"","accuracy":"","UTM_Northing":"","UTM_Easting":"","UTM_Zone":""},"6_Jeeli_masz_uwagi_d":"","7_Dzisiejsza_data__p":"16/03/2022","8_Aktualny_czas__pro":"16:37:08","9_Czy_chcesz_nam_pow":"Tak","10_Jak_oceniasz_powi":"do 5 metr\u00f3w kwadratowych (m. kw) - mniejsze ni\u017c ma\u0142y pok\u00f3j","11_Jaki_jest_charakt":"kilka stos\u00f3w","12_Opisz_charakter_z":"","13_Czy_moesz_oceni_c":"le\u017c\u0105ce przez wiele miesi\u0119cy","14_W_jakim_miejscu_j":"teren zielony w mie\u015bcie (ziele\u0144 miejska, park, skwer)","15_Opisz_miejsce_zna":"","16_Czy_znalezione_wy":"Dobrze widoczne","17_Jakie_rodzaje_odp":["zu\u017cyte\u00a0opony","cz\u0119\u015bci samochodowe","elektroodpady (zu\u017cyty sprz\u0119t elektryczny i elektroniczny)\u00a0"],"18_Opisz_rodzaj_znal":"","19_Czy_po_raz_pierws":"Tak","20_Wymyl_swoj_nazw_u":"DarkerOne","21_Wpisz_swoj_nazw_u":"","22_Czy_chcesz_powied":"Nie, na dzi\u015b ko\u0144czymy"},{"ec5_uuid":"bafc988c-9954-4cb7-a13a-96417062e3ba","created_at":"2022-03-16T14:32:40.640Z","uploaded_at":"2022-03-16T14:32:50.000Z","title":"16/03/2022 15:32:18","1_Prosimy_o_zdjcie_z":"https://five.epicollect.net/api/media/dzikie-wysypiska?type=photo&format=entry_original&name=bafc988c-9954-4cb7-a13a-96417062e3ba_1647441066.jpg","2_Jeli_chcesz_dodaj_":"","3_Jeli_chcesz_dodaj_":"","4_Jeli_chcesz_dodaj_":"","5_Tutaj_zlokalizowan":{"latitude":51.687585,"longitude":19.450544,"accuracy":5,"UTM_Northing":5727427,"UTM_Easting":392893,"UTM_Zone":"34U"},"6_Jeeli_masz_uwagi_d":"Pojedyncze smieci wok\u00f3\u0142 mostu na rzece ner. Ulica zastawna.","7_Dzisiejsza_data__p":"16/03/2022","8_Aktualny_czas__pro":"15:32:18","9_Czy_chcesz_nam_pow":"Nie","10_Jak_oceniasz_powi":"","11_Jaki_jest_charakt":"","12_Opisz_charakter_z":"","13_Czy_moesz_oceni_c":"","14_W_jakim_miejscu_j":"","15_Opisz_miejsce_zna":"","16_Czy_znalezione_wy":"","17_Jakie_rodzaje_odp":[],"18_Opisz_rodzaj_znal":"","19_Czy_po_raz_pierws":"Nie","20_Wymyl_swoj_nazw_u":"","21_Wpisz_swoj_nazw_u":"Ktk","22_Czy_chcesz_powied":""},{"ec5_uuid":"fbf734ac-75b9-4b77-9a12-2f40f1a18a6d","created_at":"2022-03-16T14:14:03.153Z","uploaded_at":"2022-03-16T14:32:48.000Z","title":"16/03/2022 15:13:36","1_Prosimy_o_zdjcie_z":"https://five.epicollect.net/api/media/dzikie-wysypiska?type=photo&format=entry_original&name=fbf734ac-75b9-4b77-9a12-2f40f1a18a6d_1647439961.jpg","2_Jeli_chcesz_dodaj_":"","3_Jeli_chcesz_dodaj_":"","4_Jeli_chcesz_dodaj_":"","5_Tutaj_zlokalizowan":{"latitude":51.69174,"longitude":19.445431,"accuracy":5,"UTM_Northing":5727897,"UTM_Easting":392549,"UTM_Zone":"34U"},"6_Jeeli_masz_uwagi_d":"Pojedynczy Materac nas stawami Stefanskiego.","7_Dzisiejsza_data__p":"16/03/2022","8_Aktualny_czas__pro":"15:13:36","9_Czy_chcesz_nam_pow":"Nie","10_Jak_oceniasz_powi":"","11_Jaki_jest_charakt":"","12_Opisz_charakter_z":"","13_Czy_moesz_oceni_c":"","14_W_jakim_miejscu_j":"","15_Opisz_miejsce_zna":"","16_Czy_znalezione_wy":"","17_Jakie_rodzaje_odp":[],"18_Opisz_rodzaj_znal":"","19_Czy_po_raz_pierws":"Nie","20_Wymyl_swoj_nazw_u":"","21_Wpisz_swoj_nazw_u":"Ktk","22_Czy_chcesz_powied":""},{"ec5_uuid":"14a666a7-9c5b-4d5e-83a6-3621d7c199c7","created_at":"2022-03-15T08:28:54.530Z","uploaded_at":"2022-03-15T08:29:00.000Z","title":"15/03/2022 09:27:12","1_Prosimy_o_zdjcie_z":"https://five.epicollect.net/api/media/dzikie-wysypiska?type=photo&format=entry_original&name=14a666a7-9c5b-4d5e-83a6-3621d7c199c7_1647332775.jpg","2_Jeli_chcesz_dodaj_":"https://five.epicollect.net/api/media/dzikie-wysypiska?type=photo&format=entry_original&name=14a666a7-9c5b-4d5e-83a6-3621d7c199c7_1647332786.jpg","3_Jeli_chcesz_dodaj_":"https://five.epicollect.net/api/media/dzikie-wysypiska?type=photo&format=entry_original&name=14a666a7-9c5b-4d5e-83a6-3621d7c199c7_1647332803.jpg","4_Jeli_chcesz_dodaj_":"","5_Tutaj_zlokalizowan":{"latitude":51.781247,"longitude":19.414814,"accuracy":5,"UTM_Northing":5737896,"UTM_Easting":390649,"UTM_Zone":"34U"},"6_Jeeli_masz_uwagi_d":"Przy Skarpowej","7_Dzisiejsza_data__p":"15/03/2022","8_Aktualny_czas__pro":"09:27:12","9_Czy_chcesz_nam_pow":"Tak","10_Jak_oceniasz_powi":"od 6 do 50 m. kw - pok\u00f3j lub kilka pokoi","11_Jaki_jest_charakt":"inne","12_Opisz_charakter_z":"Resztki z zak\u0142adu kamieniarskiego.","13_Czy_moesz_oceni_c":"le\u017c\u0105ce przez wiele lat","14_W_jakim_miejscu_j":"w pasie przydro\u017cnym (na poboczu, w bezpo\u015bredniej blisko\u015bci drogi)","15_Opisz_miejsce_zna":"","16_Czy_znalezione_wy":"Dobrze widoczne","17_Jakie_rodzaje_odp":["gruz poremontowy, pobudowlany"],"18_Opisz_rodzaj_znal":"","19_Czy_po_raz_pierws":"Nie","20_Wymyl_swoj_nazw_u":"","21_Wpisz_swoj_nazw_u":"Twardy","22_Czy_chcesz_powied":""},{"ec5_uuid":"539095ad-f7b3-4acf-a848-bedcbdfb90c2","created_at":"2022-03-15T08:16:09.585Z","uploaded_at":"2022-03-15T08:29:36.000Z","title":"15/03/2022 09:15:33 Twardy58","1_Prosimy_o_zdjcie_z":"https://five.epicollect.net/api/media/dzikie-wysypiska?type=photo&format=entry_original&name=539095ad-f7b3-4acf-a848-bedcbdfb90c2_1647331999.jpg","2_Jeli_chcesz_dodaj_":"https://five.epicollect.net/api/media/dzikie-wysypiska?type=photo&format=entry_original&name=539095ad-f7b3-4acf-a848-bedcbdfb90c2_1647332014.jpg","3_Jeli_chcesz_dodaj_":"https://five.epicollect.net/api/media/dzikie-wysypiska?type=photo&format=entry_original&name=539095ad-f7b3-4acf-a848-bedcbdfb90c2_1647332028.jpg","4_Jeli_chcesz_dodaj_":"https://five.epicollect.net/api/media/dzikie-wysypiska?type=photo&format=entry_original&name=539095ad-f7b3-4acf-a848-bedcbdfb90c2_1647332040.jpg","5_Tutaj_zlokalizowan":{"latitude":51.784226,"longitude":19.419694,"accuracy":4,"UTM_Northing":5738220,"UTM_Easting":390993,"UTM_Zone":"34U"},"6_Jeeli_masz_uwagi_d":"Przy ulicy Powsta\u0144c\u00f3w Wielkopolskich, mi\u0119dzy W\u0142\u00f3kniarzy a Skarpow\u0105.","7_Dzisiejsza_data__p":"15/03/2022","8_Aktualny_czas__pro":"09:15:33","9_Czy_chcesz_nam_pow":"Nie","10_Jak_oceniasz_powi":"","11_Jaki_jest_charakt":"","12_Opisz_charakter_z":"","13_Czy_moesz_oceni_c":"","14_W_jakim_miejscu_j":"","15_Opisz_miejsce_zna":"","16_Czy_znalezione_wy":"","17_Jakie_rodzaje_odp":[],"18_Opisz_rodzaj_znal":"","19_Czy_po_raz_pierws":"Nie","20_Wymyl_swoj_nazw_u":"","21_Wpisz_swoj_nazw_u":"Twardy","22_Czy_chcesz_powied":""},{"ec5_uuid":"496cf770-a436-11ec-bc65-f3ccbb95fa9f","created_at":"2022-03-15T08:02:40.871Z","uploaded_at":"2022-03-15T08:03:32.000Z","title":"15/03/2022 09:03:19","1_Prosimy_o_zdjcie_z":"https://five.epicollect.net/api/media/dzikie-wysypiska?type=photo&format=entry_original&name=496cf770-a436-11ec-bc65-f3ccbb95fa9f_1647331368.jpg","2_Jeli_chcesz_dodaj_":"https://five.epicollect.net/api/media/dzikie-wysypiska?type=photo&format=entry_original&name=496cf770-a436-11ec-bc65-f3ccbb95fa9f_1647331372.jpg","3_Jeli_chcesz_dodaj_":"","4_Jeli_chcesz_dodaj_":"","5_Tutaj_zlokalizowan":{"latitude":51.76127,"longitude":19.495851,"accuracy":4,"UTM_Northing":5735556,"UTM_Easting":396193,"UTM_Zone":"34U"},"6_Jeeli_masz_uwagi_d":"","7_Dzisiejsza_data__p":"15/03/2022","8_Aktualny_czas__pro":"09:03:19","9_Czy_chcesz_nam_pow":"Nie","10_Jak_oceniasz_powi":"","11_Jaki_jest_charakt":"","12_Opisz_charakter_z":"","13_Czy_moesz_oceni_c":"","14_W_jakim_miejscu_j":"","15_Opisz_miejsce_zna":"","16_Czy_znalezione_wy":"","17_Jakie_rodzaje_odp":[],"18_Opisz_rodzaj_znal":"","19_Czy_po_raz_pierws":"Nie","20_Wymyl_swoj_nazw_u":"","21_Wpisz_swoj_nazw_u":"RadKel","22_Czy_chcesz_powied":""},{"ec5_uuid":"0f358e00-a436-11ec-bc65-f3ccbb95fa9f","created_at":"2022-03-15T08:01:03.200Z","uploaded_at":"2022-03-15T08:02:38.000Z","title":"15/03/2022 09:02:24","1_Prosimy_o_zdjcie_z":"https://five.epicollect.net/api/media/dzikie-wysypiska?type=photo&format=entry_original&name=0f358e00-a436-11ec-bc65-f3ccbb95fa9f_1647331322.jpg","2_Jeli_chcesz_dodaj_":"","3_Jeli_chcesz_dodaj_":"","4_Jeli_chcesz_dodaj_":"","5_Tutaj_zlokalizowan":{"latitude":51.76204,"longitude":19.4943,"accuracy":4,"UTM_Northing":5735644,"UTM_Easting":396088,"UTM_Zone":"34U"},"6_Jeeli_masz_uwagi_d":"","7_Dzisiejsza_data__p":"15/03/2022","8_Aktualny_czas__pro":"09:02:24","9_Czy_chcesz_nam_pow":"Nie","10_Jak_oceniasz_powi":"","11_Jaki_jest_charakt":"","12_Opisz_charakter_z":"","13_Czy_moesz_oceni_c":"","14_W_jakim_miejscu_j":"","15_Opisz_miejsce_zna":"","16_Czy_znalezione_wy":"","17_Jakie_rodzaje_odp":[],"18_Opisz_rodzaj_znal":"","19_Czy_po_raz_pierws":"Nie","20_Wymyl_swoj_nazw_u":"","21_Wpisz_swoj_nazw_u":"RadKel","22_Czy_chcesz_powied":""},{"ec5_uuid":"213922d0-a434-11ec-bc65-f3ccbb95fa9f","created_at":"2022-03-15T07:47:14.429Z","uploaded_at":"2022-03-15T08:01:00.000Z","title":"15/03/2022 09:00:16 RadKel","1_Prosimy_o_zdjcie_z":"https://five.epicollect.net/api/media/dzikie-wysypiska?type=photo&format=entry_original&name=213922d0-a434-11ec-bc65-f3ccbb95fa9f_1647331157.jpg","2_Jeli_chcesz_dodaj_":"","3_Jeli_chcesz_dodaj_":"","4_Jeli_chcesz_dodaj_":"","5_Tutaj_zlokalizowan":{"latitude":51.761409,"longitude":19.495486,"accuracy":4,"UTM_Northing":5735572,"UTM_Easting":396168,"UTM_Zone":"34U"},"6_Jeeli_masz_uwagi_d":"","7_Dzisiejsza_data__p":"15/03/2022","8_Aktualny_czas__pro":"09:00:16","9_Czy_chcesz_nam_pow":"Nie","10_Jak_oceniasz_powi":"","11_Jaki_jest_charakt":"","12_Opisz_charakter_z":"","13_Czy_moesz_oceni_c":"","14_W_jakim_miejscu_j":"","15_Opisz_miejsce_zna":"","16_Czy_znalezione_wy":"","17_Jakie_rodzaje_odp":[],"18_Opisz_rodzaj_znal":"","19_Czy_po_raz_pierws":"Tak","20_Wymyl_swoj_nazw_u":"RadKel","21_Wpisz_swoj_nazw_u":"","22_Czy_chcesz_powied":"Nie, na dzi\u015b ko\u0144czymy"},{"ec5_uuid":"51ea9d9d-aa12-45c9-bf54-05f5fabf3121","created_at":"2022-03-14T15:35:30.820Z","uploaded_at":"2022-03-14T15:35:48.000Z","title":"14/03/2022 16:34:50 Efem","1_Prosimy_o_zdjcie_z":"https://five.epicollect.net/api/media/dzikie-wysypiska?type=photo&format=entry_original&name=51ea9d9d-aa12-45c9-bf54-05f5fabf3121_1647271573.jpg","2_Jeli_chcesz_dodaj_":"","3_Jeli_chcesz_dodaj_":"","4_Jeli_chcesz_dodaj_":"","5_Tutaj_zlokalizowan":{"latitude":51.76403,"longitude":19.438882,"accuracy":2,"UTM_Northing":5735946,"UTM_Easting":392268,"UTM_Zone":"34U"},"6_Jeeli_masz_uwagi_d":"\u017bELIGOWSKIEGO/STRUGA","7_Dzisiejsza_data__p":"14/03/2022","8_Aktualny_czas__pro":"16:34:50","9_Czy_chcesz_nam_pow":"Nie","10_Jak_oceniasz_powi":"","11_Jaki_jest_charakt":"","12_Opisz_charakter_z":"","13_Czy_moesz_oceni_c":"","14_W_jakim_miejscu_j":"","15_Opisz_miejsce_zna":"","16_Czy_znalezione_wy":"","17_Jakie_rodzaje_odp":[],"18_Opisz_rodzaj_znal":"","19_Czy_po_raz_pierws":"Tak","20_Wymyl_swoj_nazw_u":"Efem","21_Wpisz_swoj_nazw_u":"","22_Czy_chcesz_powied":"Nie, na dzi\u015b ko\u0144czymy"},{"ec5_uuid":"3f46da03-47d5-43c9-98f2-c88bea02d6cf","created_at":"2022-03-14T07:46:24.622Z","uploaded_at":"2022-03-15T08:17:17.000Z","title":"14/03/2022 08:45:54 Twardy","1_Prosimy_o_zdjcie_z":"https://five.epicollect.net/api/media/dzikie-wysypiska?type=photo&format=entry_original&name=3f46da03-47d5-43c9-98f2-c88bea02d6cf_1647243794.jpg","2_Jeli_chcesz_dodaj_":"https://five.epicollect.net/api/media/dzikie-wysypiska?type=photo&format=entry_original&name=3f46da03-47d5-43c9-98f2-c88bea02d6cf_1647243814.jpg","3_Jeli_chcesz_dodaj_":"","4_Jeli_chcesz_dodaj_":"","5_Tutaj_zlokalizowan":{"latitude":51.797528,"longitude":19.398939,"accuracy":4,"UTM_Northing":5739731,"UTM_Easting":389594,"UTM_Zone":"34U"},"6_Jeeli_masz_uwagi_d":"Zagajnik/dziki park przy Aleksandrowskiej (p\u00f3\u0142nocna strona), za salone Mercedesa.","7_Dzisiejsza_data__p":"14/03/2022","8_Aktualny_czas__pro":"08:45:54","9_Czy_chcesz_nam_pow":"Nie","10_Jak_oceniasz_powi":"","11_Jaki_jest_charakt":"","12_Opisz_charakter_z":"","13_Czy_moesz_oceni_c":"","14_W_jakim_miejscu_j":"","15_Opisz_miejsce_zna":"","16_Czy_znalezione_wy":"","17_Jakie_rodzaje_odp":[],"18_Opisz_rodzaj_znal":"","19_Czy_po_raz_pierws":"Tak","20_Wymyl_swoj_nazw_u":"Twardy","21_Wpisz_swoj_nazw_u":"","22_Czy_chcesz_powied":"Nie, na dzi\u015b ko\u0144czymy"},{"ec5_uuid":"e53f3e4c-5bb6-482d-9110-44097f1fddd0","created_at":"2022-03-12T16:51:48.983Z","uploaded_at":"2022-03-12T17:50:22.000Z","title":"12/03/2022 17:51:13 Katarzyna","1_Prosimy_o_zdjcie_z":"https://five.epicollect.net/api/media/dzikie-wysypiska?type=photo&format=entry_original&name=e53f3e4c-5bb6-482d-9110-44097f1fddd0_1647103855.jpg","2_Jeli_chcesz_dodaj_":"","3_Jeli_chcesz_dodaj_":"","4_Jeli_chcesz_dodaj_":"","5_Tutaj_zlokalizowan":{"latitude":51.775038,"longitude":19.527071,"accuracy":5,"UTM_Northing":5737044,"UTM_Easting":398379,"UTM_Zone":"34U"},"6_Jeeli_masz_uwagi_d":"","7_Dzisiejsza_data__p":"12/03/2022","8_Aktualny_czas__pro":"17:51:13","9_Czy_chcesz_nam_pow":"Nie","10_Jak_oceniasz_powi":"","11_Jaki_jest_charakt":"","12_Opisz_charakter_z":"","13_Czy_moesz_oceni_c":"","14_W_jakim_miejscu_j":"","15_Opisz_miejsce_zna":"","16_Czy_znalezione_wy":"","17_Jakie_rodzaje_odp":[],"18_Opisz_rodzaj_znal":"","19_Czy_po_raz_pierws":"Tak","20_Wymyl_swoj_nazw_u":"Katarzyna","21_Wpisz_swoj_nazw_u":"","22_Czy_chcesz_powied":"Nie, na dzi\u015b ko\u0144czymy"},{"ec5_uuid":"eb4c2d60-a14b-11ec-803e-bbc34bc1314e","created_at":"2022-03-11T14:59:58.390Z","uploaded_at":"2022-03-11T15:02:05.000Z","title":"11/03/2022 16:00:45","1_Prosimy_o_zdjcie_z":"https://five.epicollect.net/api/media/dzikie-wysypiska?type=photo&format=entry_original&name=eb4c2d60-a14b-11ec-803e-bbc34bc1314e_1647010804.jpg","2_Jeli_chcesz_dodaj_":"","3_Jeli_chcesz_dodaj_":"","4_Jeli_chcesz_dodaj_":"","5_Tutaj_zlokalizowan":{"latitude":51.772807,"longitude":19.478495,"accuracy":4,"UTM_Northing":5736864,"UTM_Easting":395022,"UTM_Zone":"34U"},"6_Jeeli_masz_uwagi_d":"Ul. Krasickiego 9","7_Dzisiejsza_data__p":"11/03/2022","8_Aktualny_czas__pro":"16:00:45","9_Czy_chcesz_nam_pow":"Tak","10_Jak_oceniasz_powi":"do 5 metr\u00f3w kwadratowych (m. kw) - mniejsze ni\u017c ma\u0142y pok\u00f3j","11_Jaki_jest_charakt":"kilka stos\u00f3w","12_Opisz_charakter_z":"","13_Czy_moesz_oceni_c":"le\u017c\u0105ce przez wiele miesi\u0119cy","14_W_jakim_miejscu_j":"na osiedlu mieszkalnym (na terenach zakrzewionych, na trawniku, mi\u0119dzy drzewami, pod budynkiem)","15_Opisz_miejsce_zna":"","16_Czy_znalezione_wy":"Dobrze widoczne","17_Jakie_rodzaje_odp":["gruz poremontowy, pobudowlany","plastik","folie","szk\u0142o ","butelki po alkoholu","odchody"],"18_Opisz_rodzaj_znal":"G\u0142\u00f3wnie materia\u0142y budowlane ","19_Czy_po_raz_pierws":"Nie","20_Wymyl_swoj_nazw_u":"","21_Wpisz_swoj_nazw_u":"Rados\u0142aw Antosik ","22_Czy_chcesz_powied":""},{"ec5_uuid":"450c35d0-a14b-11ec-803e-bbc34bc1314e","created_at":"2022-03-11T14:55:19.469Z","uploaded_at":"2022-03-11T14:59:56.000Z","title":"11/03/2022 15:57:30 Rados\u0142aw Antosik ","1_Prosimy_o_zdjcie_z":"https://five.epicollect.net/api/media/dzikie-wysypiska?type=photo&format=entry_original&name=450c35d0-a14b-11ec-803e-bbc34bc1314e_1647010538.jpg","2_Jeli_chcesz_dodaj_":"","3_Jeli_chcesz_dodaj_":"","4_Jeli_chcesz_dodaj_":"","5_Tutaj_zlokalizowan":{"latitude":51.772807,"longitude":19.478495,"accuracy":4,"UTM_Northing":5736864,"UTM_Easting":395022,"UTM_Zone":"34U"},"6_Jeeli_masz_uwagi_d":"Ul.Poprzeczna 9","7_Dzisiejsza_data__p":"11/03/2022","8_Aktualny_czas__pro":"15:57:30","9_Czy_chcesz_nam_pow":"Tak","10_Jak_oceniasz_powi":"od 6 do 50 m. kw - pok\u00f3j lub kilka pokoi","11_Jaki_jest_charakt":"kilka stos\u00f3w","12_Opisz_charakter_z":"","13_Czy_moesz_oceni_c":"le\u017c\u0105ce przez wiele lat","14_W_jakim_miejscu_j":"na osiedlu mieszkalnym (na terenach zakrzewionych, na trawniku, mi\u0119dzy drzewami, pod budynkiem)","15_Opisz_miejsce_zna":"","16_Czy_znalezione_wy":"Dobrze widoczne","17_Jakie_rodzaje_odp":["gruz poremontowy, pobudowlany","meble","elektroodpady (zu\u017cyty sprz\u0119t elektryczny i elektroniczny)\u00a0","zu\u017cyte\u00a0opony","folie","plastik","tekstylia","z\u0142om metalowy","puszki","butelki po alkoholu"],"18_Opisz_rodzaj_znal":"R\u00f3\u017cny rodzaj odpadow","19_Czy_po_raz_pierws":"Tak","20_Wymyl_swoj_nazw_u":"Rados\u0142aw Antosik ","21_Wpisz_swoj_nazw_u":"","22_Czy_chcesz_powied":"Tak, przechodz\u0119 do pyta\u0144 o mnie"},{"ec5_uuid":"95bcfe01-4f50-47a8-a4ba-a8f215fcff84","created_at":"2022-03-11T13:28:06.732Z","uploaded_at":"2022-03-11T13:28:16.000Z","title":"11/03/2022 14:15:49","1_Prosimy_o_zdjcie_z":"https://five.epicollect.net/api/media/dzikie-wysypiska?type=photo&format=entry_original&name=95bcfe01-4f50-47a8-a4ba-a8f215fcff84_1647004480.jpg","2_Jeli_chcesz_dodaj_":"https://five.epicollect.net/api/media/dzikie-wysypiska?type=photo&format=entry_original&name=95bcfe01-4f50-47a8-a4ba-a8f215fcff84_1647004493.jpg","3_Jeli_chcesz_dodaj_":"https://five.epicollect.net/api/media/dzikie-wysypiska?type=photo&format=entry_original&name=95bcfe01-4f50-47a8-a4ba-a8f215fcff84_1647004511.jpg","4_Jeli_chcesz_dodaj_":"https://five.epicollect.net/api/media/dzikie-wysypiska?type=photo&format=entry_original&name=95bcfe01-4f50-47a8-a4ba-a8f215fcff84_1647004522.jpg","5_Tutaj_zlokalizowan":{"latitude":51.775482,"longitude":19.44197,"accuracy":11,"UTM_Northing":5737215,"UTM_Easting":392509,"UTM_Zone":"34U"},"6_Jeeli_masz_uwagi_d":"Teren niby zielony","7_Dzisiejsza_data__p":"11/03/2022","8_Aktualny_czas__pro":"14:15:49","9_Czy_chcesz_nam_pow":"Nie","10_Jak_oceniasz_powi":"","11_Jaki_jest_charakt":"","12_Opisz_charakter_z":"","13_Czy_moesz_oceni_c":"","14_W_jakim_miejscu_j":"","15_Opisz_miejsce_zna":"","16_Czy_znalezione_wy":"","17_Jakie_rodzaje_odp":[],"18_Opisz_rodzaj_znal":"","19_Czy_po_raz_pierws":"Nie","20_Wymyl_swoj_nazw_u":"","21_Wpisz_swoj_nazw_u":"Pkrupnik","22_Czy_chcesz_powied":""},{"ec5_uuid":"85de5c90-a06b-11ec-b1f6-3da48ef8d3ef","created_at":"2022-03-10T12:13:40.953Z","uploaded_at":"2022-03-10T12:15:51.000Z","title":"10/03/2022 13:15:30","1_Prosimy_o_zdjcie_z":"","2_Jeli_chcesz_dodaj_":"","3_Jeli_chcesz_dodaj_":"","4_Jeli_chcesz_dodaj_":"","5_Tutaj_zlokalizowan":{"latitude":51.794869,"longitude":19.449849,"accuracy":4,"UTM_Northing":5739359,"UTM_Easting":393098,"UTM_Zone":"34U"},"6_Jeeli_masz_uwagi_d":"Niezagospodarowana, zaro\u015bni\u0119ta dzia\u0142ka.","7_Dzisiejsza_data__p":"10/03/2022","8_Aktualny_czas__pro":"13:15:30","9_Czy_chcesz_nam_pow":"Nie","10_Jak_oceniasz_powi":"","11_Jaki_jest_charakt":"","12_Opisz_charakter_z":"","13_Czy_moesz_oceni_c":"","14_W_jakim_miejscu_j":"","15_Opisz_miejsce_zna":"","16_Czy_znalezione_wy":"","17_Jakie_rodzaje_odp":[],"18_Opisz_rodzaj_znal":"","19_Czy_po_raz_pierws":"Nie","20_Wymyl_swoj_nazw_u":"","21_Wpisz_swoj_nazw_u":"MS1996","22_Czy_chcesz_powied":""},{"ec5_uuid":"c84c8130-a069-11ec-be44-b10984a8bbc9","created_at":"2022-03-10T12:01:13.411Z","uploaded_at":"2022-03-10T12:08:33.000Z","title":"10/03/2022 13:06:18 MS1996","1_Prosimy_o_zdjcie_z":"","2_Jeli_chcesz_dodaj_":"","3_Jeli_chcesz_dodaj_":"","4_Jeli_chcesz_dodaj_":"","5_Tutaj_zlokalizowan":{"latitude":51.794185,"longitude":19.450554,"accuracy":4,"UTM_Northing":5739282,"UTM_Easting":393145,"UTM_Zone":"34U"},"6_Jeeli_masz_uwagi_d":"Teren zielony po rozebranym budynku przy skrzy\u017cowaniu ulic Stefana i Sadowej.","7_Dzisiejsza_data__p":"10/03/2022","8_Aktualny_czas__pro":"13:06:18","9_Czy_chcesz_nam_pow":"Tak","10_Jak_oceniasz_powi":"od 51 do 500 m. kw - mieszkanie lub boisko do koszyk\u00f3wki","11_Jaki_jest_charakt":"drobne odpady rozproszone","12_Opisz_charakter_z":"","13_Czy_moesz_oceni_c":"le\u017c\u0105ce przez wiele miesi\u0119cy","14_W_jakim_miejscu_j":"na osiedlu mieszkalnym (na terenach zakrzewionych, na trawniku, mi\u0119dzy drzewami, pod budynkiem)","15_Opisz_miejsce_zna":"","16_Czy_znalezione_wy":"Dobrze widoczne","17_Jakie_rodzaje_odp":["zu\u017cyte\u00a0opony","plastik","szk\u0142o ","butelki po alkoholu","puszki"],"18_Opisz_rodzaj_znal":"","19_Czy_po_raz_pierws":"Tak","20_Wymyl_swoj_nazw_u":"MS1996","21_Wpisz_swoj_nazw_u":"","22_Czy_chcesz_powied":"Tak, przechodz\u0119 do pyta\u0144 o mnie"},{"ec5_uuid":"2d9906cf-955e-4181-9e02-b2f0f16afe4b","created_at":"2022-03-10T11:53:40.626Z","uploaded_at":"2022-03-10T12:43:21.000Z","title":"10/03/2022 12:52:12 Pkrupnik","1_Prosimy_o_zdjcie_z":"https://five.epicollect.net/api/media/dzikie-wysypiska?type=photo&format=entry_original&name=2d9906cf-955e-4181-9e02-b2f0f16afe4b_1646913047.jpg","2_Jeli_chcesz_dodaj_":"https://five.epicollect.net/api/media/dzikie-wysypiska?type=photo&format=entry_original&name=2d9906cf-955e-4181-9e02-b2f0f16afe4b_1646913057.jpg","3_Jeli_chcesz_dodaj_":"https://five.epicollect.net/api/media/dzikie-wysypiska?type=photo&format=entry_original&name=2d9906cf-955e-4181-9e02-b2f0f16afe4b_1646913071.jpg","4_Jeli_chcesz_dodaj_":"https://five.epicollect.net/api/media/dzikie-wysypiska?type=photo&format=entry_original&name=2d9906cf-955e-4181-9e02-b2f0f16afe4b_1646913080.jpg","5_Tutaj_zlokalizowan":{"latitude":51.778146,"longitude":19.441274,"accuracy":83,"UTM_Northing":5737512,"UTM_Easting":392467,"UTM_Zone":"34U"},"6_Jeeli_masz_uwagi_d":"Ogrody Karskiego, zrobi\u0142em tylko zdj\u0119cia z ty\u0142u remontowanego obiektu. Ca\u0142y teren do uprzatniecia","7_Dzisiejsza_data__p":"10/03/2022","8_Aktualny_czas__pro":"12:52:12","9_Czy_chcesz_nam_pow":"Tak","10_Jak_oceniasz_powi":"wi\u0119ksze ni\u017c 501 m. kw - plac D\u0105browskiego, boisko pi\u0142karskie","11_Jaki_jest_charakt":"zwarty stos odpad\u00f3w","12_Opisz_charakter_z":"","13_Czy_moesz_oceni_c":"powsta\u0142e w ostatnich miesi\u0105cach","14_W_jakim_miejscu_j":"teren zielony w mie\u015bcie (ziele\u0144 miejska, park, skwer)","15_Opisz_miejsce_zna":"","16_Czy_znalezione_wy":"Dobrze widoczne","17_Jakie_rodzaje_odp":["plastik"],"18_Opisz_rodzaj_znal":"Butelki, plastik, folie, gruz budowlany","19_Czy_po_raz_pierws":"Tak","20_Wymyl_swoj_nazw_u":"Pkrupnik","21_Wpisz_swoj_nazw_u":"","22_Czy_chcesz_powied":"Tak, przechodz\u0119 do pyta\u0144 o mnie"},{"ec5_uuid":"adac1641-fd93-44b2-b15d-0e38dfc26373","created_at":"2022-03-10T07:33:03.575Z","uploaded_at":"2022-03-18T22:50:10.000Z","title":"10/03/2022 08:32:44","1_Prosimy_o_zdjcie_z":"https://five.epicollect.net/api/media/dzikie-wysypiska?type=photo&format=entry_original&name=adac1641-fd93-44b2-b15d-0e38dfc26373_1646897548.jpg","2_Jeli_chcesz_dodaj_":"","3_Jeli_chcesz_dodaj_":"","4_Jeli_chcesz_dodaj_":"","5_Tutaj_zlokalizowan":{"latitude":51.777485,"longitude":19.535537,"accuracy":6,"UTM_Northing":5737304,"UTM_Easting":398968,"UTM_Zone":"34U"},"6_Jeeli_masz_uwagi_d":"","7_Dzisiejsza_data__p":"10/03/2022","8_Aktualny_czas__pro":"08:32:44","9_Czy_chcesz_nam_pow":"Nie","10_Jak_oceniasz_powi":"","11_Jaki_jest_charakt":"","12_Opisz_charakter_z":"","13_Czy_moesz_oceni_c":"","14_W_jakim_miejscu_j":"","15_Opisz_miejsce_zna":"","16_Czy_znalezione_wy":"","17_Jakie_rodzaje_odp":[],"18_Opisz_rodzaj_znal":"","19_Czy_po_raz_pierws":"Nie","20_Wymyl_swoj_nazw_u":"","21_Wpisz_swoj_nazw_u":"Kolija","22_Czy_chcesz_powied":""},{"ec5_uuid":"a0fe17f5-0c17-4f97-8f92-3062c6f4ac21","created_at":"2022-03-10T07:32:03.237Z","uploaded_at":"2022-03-18T22:50:09.000Z","title":"10/03/2022 08:31:41","1_Prosimy_o_zdjcie_z":"https://five.epicollect.net/api/media/dzikie-wysypiska?type=photo&format=entry_original&name=a0fe17f5-0c17-4f97-8f92-3062c6f4ac21_1646897484.jpg","2_Jeli_chcesz_dodaj_":"","3_Jeli_chcesz_dodaj_":"","4_Jeli_chcesz_dodaj_":"","5_Tutaj_zlokalizowan":{"latitude":51.777811,"longitude":19.53566,"accuracy":5,"UTM_Northing":5737340,"UTM_Easting":398977,"UTM_Zone":"34U"},"6_Jeeli_masz_uwagi_d":"","7_Dzisiejsza_data__p":"10/03/2022","8_Aktualny_czas__pro":"08:31:41","9_Czy_chcesz_nam_pow":"Nie","10_Jak_oceniasz_powi":"","11_Jaki_jest_charakt":"","12_Opisz_charakter_z":"","13_Czy_moesz_oceni_c":"","14_W_jakim_miejscu_j":"","15_Opisz_miejsce_zna":"","16_Czy_znalezione_wy":"","17_Jakie_rodzaje_odp":[],"18_Opisz_rodzaj_znal":"","19_Czy_po_raz_pierws":"Nie","20_Wymyl_swoj_nazw_u":"","21_Wpisz_swoj_nazw_u":"Kolija","22_Czy_chcesz_powied":""},{"ec5_uuid":"3793499e-3f50-4be7-9b18-5f47b2229796","created_at":"2022-03-10T07:27:55.391Z","uploaded_at":"2022-03-18T22:50:07.000Z","title":"10/03/2022 08:27:01 Kolija","1_Prosimy_o_zdjcie_z":"https://five.epicollect.net/api/media/dzikie-wysypiska?type=photo&format=entry_original&name=3793499e-3f50-4be7-9b18-5f47b2229796_1646897135.jpg","2_Jeli_chcesz_dodaj_":"","3_Jeli_chcesz_dodaj_":"","4_Jeli_chcesz_dodaj_":"","5_Tutaj_zlokalizowan":{"latitude":51.77953,"longitude":19.534466,"accuracy":2,"UTM_Northing":5737533,"UTM_Easting":398899,"UTM_Zone":"34U"},"6_Jeeli_masz_uwagi_d":"Rog wichrowej i zaruskiego na przeciwko szkoly","7_Dzisiejsza_data__p":"10/03/2022","8_Aktualny_czas__pro":"08:27:01","9_Czy_chcesz_nam_pow":"Nie","10_Jak_oceniasz_powi":"","11_Jaki_jest_charakt":"","12_Opisz_charakter_z":"","13_Czy_moesz_oceni_c":"","14_W_jakim_miejscu_j":"","15_Opisz_miejsce_zna":"","16_Czy_znalezione_wy":"","17_Jakie_rodzaje_odp":[],"18_Opisz_rodzaj_znal":"","19_Czy_po_raz_pierws":"Tak","20_Wymyl_swoj_nazw_u":"Kolija","21_Wpisz_swoj_nazw_u":"","22_Czy_chcesz_powied":"Tak, przechodz\u0119 do pyta\u0144 o mnie"},{"ec5_uuid":"43605bd7-66c6-481c-9f4f-9b2c71238031","created_at":"2022-03-09T16:07:32.322Z","uploaded_at":"2022-03-09T16:07:50.000Z","title":"09/03/2022 17:06:03 Katarzyna Wasilewska","1_Prosimy_o_zdjcie_z":"https://five.epicollect.net/api/media/dzikie-wysypiska?type=photo&format=entry_original&name=43605bd7-66c6-481c-9f4f-9b2c71238031_1646841885.jpg","2_Jeli_chcesz_dodaj_":"https://five.epicollect.net/api/media/dzikie-wysypiska?type=photo&format=entry_original&name=43605bd7-66c6-481c-9f4f-9b2c71238031_1646841913.jpg","3_Jeli_chcesz_dodaj_":"","4_Jeli_chcesz_dodaj_":"","5_Tutaj_zlokalizowan":{"latitude":51.777666,"longitude":19.535229,"accuracy":6,"UTM_Northing":5737324,"UTM_Easting":398947,"UTM_Zone":"34U"},"6_Jeeli_masz_uwagi_d":"D\u0119bowskiego pomi\u0119dzy stadnioenm a os. Listopadowa, po dw\u00f3ch stronach ulicy","7_Dzisiejsza_data__p":"09/03/2022","8_Aktualny_czas__pro":"17:06:03","9_Czy_chcesz_nam_pow":"Tak","10_Jak_oceniasz_powi":"do 5 metr\u00f3w kwadratowych (m. kw) - mniejsze ni\u017c ma\u0142y pok\u00f3j","11_Jaki_jest_charakt":"inne","12_Opisz_charakter_z":"Opony, worek odpadow","13_Czy_moesz_oceni_c":"powsta\u0142e w ostatnich miesi\u0105cach","14_W_jakim_miejscu_j":"w pasie przydro\u017cnym (na poboczu, w bezpo\u015bredniej blisko\u015bci drogi)","15_Opisz_miejsce_zna":"","16_Czy_znalezione_wy":"Dobrze widoczne","17_Jakie_rodzaje_odp":["zu\u017cyte\u00a0opony","\u015bmieci komunalne/ przydomowe \u2013 powstaj\u0105ce w codziennym funkcjonowaniu gospodarstwa domowego"],"18_Opisz_rodzaj_znal":"","19_Czy_po_raz_pierws":"Tak","20_Wymyl_swoj_nazw_u":"Katarzyna Wasilewska","21_Wpisz_swoj_nazw_u":"","22_Czy_chcesz_powied":"Nie, na dzi\u015b ko\u0144czymy"},{"ec5_uuid":"93fa8c86-5014-47ce-b2de-a71254178ddc","created_at":"2022-03-09T13:25:34.694Z","uploaded_at":"2022-03-09T13:25:54.000Z","title":"09/03/2022 14:24:35 Juliar\u00f3\u017ca","1_Prosimy_o_zdjcie_z":"https://five.epicollect.net/api/media/dzikie-wysypiska?type=photo&format=entry_original&name=93fa8c86-5014-47ce-b2de-a71254178ddc_1646831887.jpg","2_Jeli_chcesz_dodaj_":"https://five.epicollect.net/api/media/dzikie-wysypiska?type=photo&format=entry_original&name=93fa8c86-5014-47ce-b2de-a71254178ddc_1646832010.jpg","3_Jeli_chcesz_dodaj_":"https://five.epicollect.net/api/media/dzikie-wysypiska?type=photo&format=entry_original&name=93fa8c86-5014-47ce-b2de-a71254178ddc_1646832027.jpg","4_Jeli_chcesz_dodaj_":"","5_Tutaj_zlokalizowan":{"latitude":51.79354,"longitude":19.589228,"accuracy":20,"UTM_Northing":5739016,"UTM_Easting":402707,"UTM_Zone":"34U"},"6_Jeeli_masz_uwagi_d":"\u015amieci kt\u00f3re s\u0105 na powy\u017cszych zdj\u0119ciach mno\u017c\u0105 si\u0119 z dnia na dzie\u0144.\nPrzy Ul Jugos\u0142owia\u0144skiej w samym centrum Nowosolnej.\nNie mo\u017cemy sobie z nimi poradzi\u0107.\nPo uprz\u0105tni\u0119ciu przez mieszka\u0144c\u00f3w i dzieci z pobliskiej szko\u0142y s\u0105 nast\u0119pne.\nWalka z wiatrakami.\nProsz\u0119 o interwencj\u0119 w tej sprawie.","7_Dzisiejsza_data__p":"09/03/2022","8_Aktualny_czas__pro":"14:24:35","9_Czy_chcesz_nam_pow":"Nie","10_Jak_oceniasz_powi":"","11_Jaki_jest_charakt":"","12_Opisz_charakter_z":"","13_Czy_moesz_oceni_c":"","14_W_jakim_miejscu_j":"","15_Opisz_miejsce_zna":"","16_Czy_znalezione_wy":"","17_Jakie_rodzaje_odp":[],"18_Opisz_rodzaj_znal":"","19_Czy_po_raz_pierws":"Tak","20_Wymyl_swoj_nazw_u":"Juliar\u00f3\u017ca","21_Wpisz_swoj_nazw_u":"","22_Czy_chcesz_powied":"Nie, na dzi\u015b ko\u0144czymy"},{"ec5_uuid":"01997164-2cbb-4cb9-b3e5-abba6f0e21f7","created_at":"2022-03-09T13:15:21.146Z","uploaded_at":"2022-03-09T13:15:26.000Z","title":"09/03/2022 14:15:06","1_Prosimy_o_zdjcie_z":"https://five.epicollect.net/api/media/dzikie-wysypiska?type=photo&format=entry_original&name=01997164-2cbb-4cb9-b3e5-abba6f0e21f7_1646831677.jpg","2_Jeli_chcesz_dodaj_":"","3_Jeli_chcesz_dodaj_":"","4_Jeli_chcesz_dodaj_":"","5_Tutaj_zlokalizowan":{"latitude":51.787961,"longitude":19.440155,"accuracy":4,"UTM_Northing":5738605,"UTM_Easting":392413,"UTM_Zone":"34U"},"6_Jeeli_masz_uwagi_d":"Okolice Limanowskiego 74","7_Dzisiejsza_data__p":"09/03/2022","8_Aktualny_czas__pro":"14:15:06","9_Czy_chcesz_nam_pow":"Nie","10_Jak_oceniasz_powi":"","11_Jaki_jest_charakt":"","12_Opisz_charakter_z":"","13_Czy_moesz_oceni_c":"","14_W_jakim_miejscu_j":"","15_Opisz_miejsce_zna":"","16_Czy_znalezione_wy":"","17_Jakie_rodzaje_odp":[],"18_Opisz_rodzaj_znal":"","19_Czy_po_raz_pierws":"Nie","20_Wymyl_swoj_nazw_u":"","21_Wpisz_swoj_nazw_u":"Kraterek","22_Czy_chcesz_powied":""},{"ec5_uuid":"d0c736a0-9f1c-11ec-beed-5d7e70c53a27","created_at":"2022-03-08T20:17:45.226Z","uploaded_at":"2022-03-08T20:19:53.000Z","title":"08/03/2022 21:19:38","1_Prosimy_o_zdjcie_z":"https://five.epicollect.net/api/media/dzikie-wysypiska?type=photo&format=entry_original&name=d0c736a0-9f1c-11ec-beed-5d7e70c53a27_1646770681.jpg","2_Jeli_chcesz_dodaj_":"https://five.epicollect.net/api/media/dzikie-wysypiska?type=photo&format=entry_original&name=d0c736a0-9f1c-11ec-beed-5d7e70c53a27_1646770722.jpg","3_Jeli_chcesz_dodaj_":"https://five.epicollect.net/api/media/dzikie-wysypiska?type=photo&format=entry_original&name=d0c736a0-9f1c-11ec-beed-5d7e70c53a27_1646770732.jpg","4_Jeli_chcesz_dodaj_":"","5_Tutaj_zlokalizowan":{"latitude":51.772634,"longitude":19.458728,"accuracy":4,"UTM_Northing":5736874,"UTM_Easting":393658,"UTM_Zone":"34U"},"6_Jeeli_masz_uwagi_d":"Teren pomi\u0119dzy Wschodni\u0105 62 i Wschodni\u0105 64","7_Dzisiejsza_data__p":"08/03/2022","8_Aktualny_czas__pro":"21:19:38","9_Czy_chcesz_nam_pow":"Nie","10_Jak_oceniasz_powi":"","11_Jaki_jest_charakt":"","12_Opisz_charakter_z":"","13_Czy_moesz_oceni_c":"","14_W_jakim_miejscu_j":"","15_Opisz_miejsce_zna":"","16_Czy_znalezione_wy":"","17_Jakie_rodzaje_odp":[],"18_Opisz_rodzaj_znal":"","19_Czy_po_raz_pierws":"Nie","20_Wymyl_swoj_nazw_u":"","21_Wpisz_swoj_nazw_u":"Zwiedzam\u0141\u00f3d\u017a","22_Czy_chcesz_powied":""},{"ec5_uuid":"3db70cf0-9f1c-11ec-b886-3d52f3498be3","created_at":"2022-03-08T20:13:38.495Z","uploaded_at":"2022-03-08T20:16:26.000Z","title":"08/03/2022 21:15:59","1_Prosimy_o_zdjcie_z":"https://five.epicollect.net/api/media/dzikie-wysypiska?type=photo&format=entry_original&name=3db70cf0-9f1c-11ec-b886-3d52f3498be3_1646770431.jpg","2_Jeli_chcesz_dodaj_":"https://five.epicollect.net/api/media/dzikie-wysypiska?type=photo&format=entry_original&name=3db70cf0-9f1c-11ec-b886-3d52f3498be3_1646770511.jpg","3_Jeli_chcesz_dodaj_":"","4_Jeli_chcesz_dodaj_":"","5_Tutaj_zlokalizowan":{"latitude":51.77644,"longitude":19.457285,"accuracy":4,"UTM_Northing":5737299,"UTM_Easting":393568,"UTM_Zone":"34U"},"6_Jeeli_masz_uwagi_d":"Wschodnia 23, po obu stronach ulicy","7_Dzisiejsza_data__p":"08/03/2022","8_Aktualny_czas__pro":"21:15:59","9_Czy_chcesz_nam_pow":"Nie","10_Jak_oceniasz_powi":"","11_Jaki_jest_charakt":"","12_Opisz_charakter_z":"","13_Czy_moesz_oceni_c":"","14_W_jakim_miejscu_j":"","15_Opisz_miejsce_zna":"","16_Czy_znalezione_wy":"","17_Jakie_rodzaje_odp":[],"18_Opisz_rodzaj_znal":"","19_Czy_po_raz_pierws":"Nie","20_Wymyl_swoj_nazw_u":"","21_Wpisz_swoj_nazw_u":"Zwiedzam\u0141\u00f3d\u017a","22_Czy_chcesz_powied":""},{"ec5_uuid":"a4478780-9f1a-11ec-9d64-c3684f9d913a","created_at":"2022-03-08T20:02:11.576Z","uploaded_at":"2022-03-08T20:11:46.000Z","title":"08/03/2022 21:08:42 Zwiedzam\u0141\u00f3d\u017a","1_Prosimy_o_zdjcie_z":"https://five.epicollect.net/api/media/dzikie-wysypiska?type=photo&format=entry_original&name=a4478780-9f1a-11ec-9d64-c3684f9d913a_1646769826.jpg","2_Jeli_chcesz_dodaj_":"https://five.epicollect.net/api/media/dzikie-wysypiska?type=photo&format=entry_original&name=a4478780-9f1a-11ec-9d64-c3684f9d913a_1646769854.jpg","3_Jeli_chcesz_dodaj_":"https://five.epicollect.net/api/media/dzikie-wysypiska?type=photo&format=entry_original&name=a4478780-9f1a-11ec-9d64-c3684f9d913a_1646769866.jpg","4_Jeli_chcesz_dodaj_":"https://five.epicollect.net/api/media/dzikie-wysypiska?type=photo&format=entry_original&name=a4478780-9f1a-11ec-9d64-c3684f9d913a_1646769896.jpg","5_Tutaj_zlokalizowan":{"latitude":51.757852,"longitude":19.469822,"accuracy":4,"UTM_Northing":5735214,"UTM_Easting":394389,"UTM_Zone":"34U"},"6_Jeeli_masz_uwagi_d":"R\u00f3g Kili\u0144skiego i Wigury od strony p\u00f3\u0142nocnego zachodu, dziki parking","7_Dzisiejsza_data__p":"08/03/2022","8_Aktualny_czas__pro":"21:08:42","9_Czy_chcesz_nam_pow":"Tak","10_Jak_oceniasz_powi":"od 51 do 500 m. kw - mieszkanie lub boisko do koszyk\u00f3wki","11_Jaki_jest_charakt":"kilka stos\u00f3w","12_Opisz_charakter_z":"","13_Czy_moesz_oceni_c":"warstwowe (cz\u0119\u015b\u0107 rzeczy \u015bwie\u017co wyrzuconych, cz\u0119\u015b\u0107 le\u017c\u0105ca tu od dawna)","14_W_jakim_miejscu_j":"teren zielony w mie\u015bcie (ziele\u0144 miejska, park, skwer)","15_Opisz_miejsce_zna":"","16_Czy_znalezione_wy":"Dobrze widoczne","17_Jakie_rodzaje_odp":["armatura \u0142azienkowa (umywalka, sedes, wanna)","tekstylia","plastik","folie","szk\u0142o ","z\u0142om metalowy","puszki","butelki po alkoholu","odchody","\u015bmieci komunalne/ przydomowe \u2013 powstaj\u0105ce w codziennym funkcjonowaniu gospodarstwa domowego","meble"],"18_Opisz_rodzaj_znal":"","19_Czy_po_raz_pierws":"Tak","20_Wymyl_swoj_nazw_u":"Zwiedzam\u0141\u00f3d\u017a","21_Wpisz_swoj_nazw_u":"","22_Czy_chcesz_powied":"Nie, na dzi\u015b ko\u0144czymy"},{"ec5_uuid":"92166e50-9f01-11ec-94af-8bd1e5b36d78","created_at":"2022-03-08T17:02:43.637Z","uploaded_at":"2022-03-08T17:19:50.000Z","title":"08/03/2022 17:00:24 JMP","1_Prosimy_o_zdjcie_z":"https://five.epicollect.net/api/media/dzikie-wysypiska?type=photo&format=entry_original&name=92166e50-9f01-11ec-94af-8bd1e5b36d78_1646759666.jpg","2_Jeli_chcesz_dodaj_":"https://five.epicollect.net/api/media/dzikie-wysypiska?type=photo&format=entry_original&name=92166e50-9f01-11ec-94af-8bd1e5b36d78_1646759679.jpg","3_Jeli_chcesz_dodaj_":"https://five.epicollect.net/api/media/dzikie-wysypiska?type=photo&format=entry_original&name=92166e50-9f01-11ec-94af-8bd1e5b36d78_1646759693.jpg","4_Jeli_chcesz_dodaj_":"","5_Tutaj_zlokalizowan":{"latitude":51.775308,"longitude":19.446939,"accuracy":900,"UTM_Northing":5737188,"UTM_Easting":392851,"UTM_Zone":"34U"},"6_Jeeli_masz_uwagi_d":"Ulica Wschodnia 12","7_Dzisiejsza_data__p":"08/03/2022","8_Aktualny_czas__pro":"17:00:24","9_Czy_chcesz_nam_pow":"Nie","10_Jak_oceniasz_powi":"","11_Jaki_jest_charakt":"","12_Opisz_charakter_z":"","13_Czy_moesz_oceni_c":"","14_W_jakim_miejscu_j":"","15_Opisz_miejsce_zna":"","16_Czy_znalezione_wy":"","17_Jakie_rodzaje_odp":[],"18_Opisz_rodzaj_znal":"","19_Czy_po_raz_pierws":"Tak","20_Wymyl_swoj_nazw_u":"JMP","21_Wpisz_swoj_nazw_u":"","22_Czy_chcesz_powied":"Nie, na dzi\u015b ko\u0144czymy"},{"ec5_uuid":"0c81e16b-cda8-4ccd-a62f-9c76c1fb01ca","created_at":"2022-03-08T13:08:19.166Z","uploaded_at":"2022-03-08T13:08:24.000Z","title":"08/03/2022 14:06:43","1_Prosimy_o_zdjcie_z":"https://five.epicollect.net/api/media/dzikie-wysypiska?type=photo&format=entry_original&name=0c81e16b-cda8-4ccd-a62f-9c76c1fb01ca_1646744745.jpg","2_Jeli_chcesz_dodaj_":"https://five.epicollect.net/api/media/dzikie-wysypiska?type=photo&format=entry_original&name=0c81e16b-cda8-4ccd-a62f-9c76c1fb01ca_1646744775.jpg","3_Jeli_chcesz_dodaj_":"","4_Jeli_chcesz_dodaj_":"","5_Tutaj_zlokalizowan":{"latitude":51.789185,"longitude":19.439328,"accuracy":4,"UTM_Northing":5738743,"UTM_Easting":392359,"UTM_Zone":"34U"},"6_Jeeli_masz_uwagi_d":"Ty\u0142 stacji benzynowej Moya","7_Dzisiejsza_data__p":"08/03/2022","8_Aktualny_czas__pro":"14:06:43","9_Czy_chcesz_nam_pow":"Tak","10_Jak_oceniasz_powi":"od 6 do 50 m. kw - pok\u00f3j lub kilka pokoi","11_Jaki_jest_charakt":"drobne odpady rozproszone","12_Opisz_charakter_z":"","13_Czy_moesz_oceni_c":"le\u017c\u0105ce przez wiele miesi\u0119cy","14_W_jakim_miejscu_j":"na osiedlu mieszkalnym (na terenach zakrzewionych, na trawniku, mi\u0119dzy drzewami, pod budynkiem)","15_Opisz_miejsce_zna":"","16_Czy_znalezione_wy":"Dobrze widoczne","17_Jakie_rodzaje_odp":["szk\u0142o ","butelki po alkoholu","puszki"],"18_Opisz_rodzaj_znal":"Butelki i puszki, niebezpieczne ze wzgl\u0119d\u00f3w epidemiologicznych","19_Czy_po_raz_pierws":"Nie","20_Wymyl_swoj_nazw_u":"","21_Wpisz_swoj_nazw_u":"Kraterek","22_Czy_chcesz_powied":""},{"ec5_uuid":"6f1e23a0-9eb8-11ec-ad6c-cb83efb1fc9d","created_at":"2022-03-08T08:19:11.707Z","uploaded_at":"2022-03-08T08:21:08.000Z","title":"08/03/2022 09:20:35 magpas","1_Prosimy_o_zdjcie_z":"https://five.epicollect.net/api/media/dzikie-wysypiska?type=photo&format=entry_original&name=6f1e23a0-9eb8-11ec-ad6c-cb83efb1fc9d_1646727562.jpg","2_Jeli_chcesz_dodaj_":"","3_Jeli_chcesz_dodaj_":"","4_Jeli_chcesz_dodaj_":"","5_Tutaj_zlokalizowan":{"latitude":"","longitude":"","accuracy":"","UTM_Northing":"","UTM_Easting":"","UTM_Zone":""},"6_Jeeli_masz_uwagi_d":"\u015amieci le\u017c\u0105 przy dawnym Tesco na ulicy Franciszka\u0144skiej.","7_Dzisiejsza_data__p":"08/03/2022","8_Aktualny_czas__pro":"09:20:35","9_Czy_chcesz_nam_pow":"Nie","10_Jak_oceniasz_powi":"","11_Jaki_jest_charakt":"","12_Opisz_charakter_z":"","13_Czy_moesz_oceni_c":"","14_W_jakim_miejscu_j":"","15_Opisz_miejsce_zna":"","16_Czy_znalezione_wy":"","17_Jakie_rodzaje_odp":[],"18_Opisz_rodzaj_znal":"","19_Czy_po_raz_pierws":"Tak","20_Wymyl_swoj_nazw_u":"magpas","21_Wpisz_swoj_nazw_u":"","22_Czy_chcesz_powied":"Nie, na dzi\u015b ko\u0144czymy"},{"ec5_uuid":"6e1d0a1a-56b4-491c-a291-0d52a1b9e553","created_at":"2022-03-07T16:23:39.978Z","uploaded_at":"2022-03-07T16:23:49.000Z","title":"07/03/2022 17:20:54 Juliaz","1_Prosimy_o_zdjcie_z":"https://five.epicollect.net/api/media/dzikie-wysypiska?type=photo&format=entry_original&name=6e1d0a1a-56b4-491c-a291-0d52a1b9e553_1646669997.jpg","2_Jeli_chcesz_dodaj_":"","3_Jeli_chcesz_dodaj_":"","4_Jeli_chcesz_dodaj_":"","5_Tutaj_zlokalizowan":{"latitude":51.798221,"longitude":19.440308,"accuracy":9,"UTM_Northing":5739746,"UTM_Easting":392448,"UTM_Zone":"34U"},"6_Jeeli_masz_uwagi_d":"","7_Dzisiejsza_data__p":"07/03/2022","8_Aktualny_czas__pro":"17:20:54","9_Czy_chcesz_nam_pow":"Tak","10_Jak_oceniasz_powi":"do 5 metr\u00f3w kwadratowych (m. kw) - mniejsze ni\u017c ma\u0142y pok\u00f3j","11_Jaki_jest_charakt":"zwarty stos odpad\u00f3w","12_Opisz_charakter_z":"","13_Czy_moesz_oceni_c":"powsta\u0142e w ostatnich miesi\u0105cach","14_W_jakim_miejscu_j":"na osiedlu mieszkalnym (na terenach zakrzewionych, na trawniku, mi\u0119dzy drzewami, pod budynkiem)","15_Opisz_miejsce_zna":"","16_Czy_znalezione_wy":"Dobrze widoczne","17_Jakie_rodzaje_odp":["szk\u0142o ","gruz poremontowy, pobudowlany"],"18_Opisz_rodzaj_znal":"Drewno, stare drewniane deski, skrzynie, elementy mebli","19_Czy_po_raz_pierws":"Tak","20_Wymyl_swoj_nazw_u":"Juliaz","21_Wpisz_swoj_nazw_u":"","22_Czy_chcesz_powied":"Nie, na dzi\u015b ko\u0144czymy"},{"ec5_uuid":"539ab332-ad60-49f8-9720-955ef85dc04b","created_at":"2022-03-06T11:19:08.662Z","uploaded_at":"2022-03-06T11:19:22.000Z","title":"06/03/2022 12:18:52","1_Prosimy_o_zdjcie_z":"https://five.epicollect.net/api/media/dzikie-wysypiska?type=photo&format=entry_original&name=539ab332-ad60-49f8-9720-955ef85dc04b_1646565504.jpg","2_Jeli_chcesz_dodaj_":"","3_Jeli_chcesz_dodaj_":"","4_Jeli_chcesz_dodaj_":"","5_Tutaj_zlokalizowan":{"latitude":51.752202,"longitude":19.43871,"accuracy":4,"UTM_Northing":5734631,"UTM_Easting":392228,"UTM_Zone":"34U"},"6_Jeeli_masz_uwagi_d":"Park Poniatowskiego","7_Dzisiejsza_data__p":"06/03/2022","8_Aktualny_czas__pro":"12:18:52","9_Czy_chcesz_nam_pow":"Nie","10_Jak_oceniasz_powi":"","11_Jaki_jest_charakt":"","12_Opisz_charakter_z":"","13_Czy_moesz_oceni_c":"","14_W_jakim_miejscu_j":"","15_Opisz_miejsce_zna":"","16_Czy_znalezione_wy":"","17_Jakie_rodzaje_odp":[],"18_Opisz_rodzaj_znal":"","19_Czy_po_raz_pierws":"Nie","20_Wymyl_swoj_nazw_u":"","21_Wpisz_swoj_nazw_u":"Kraterek","22_Czy_chcesz_powied":""},{"ec5_uuid":"98a268da-79a2-42ab-9a6e-ab3eeb3dba70","created_at":"2022-03-05T16:54:15.210Z","uploaded_at":"2022-03-05T16:54:31.000Z","title":"05/03/2022 17:53:36 Ainka","1_Prosimy_o_zdjcie_z":"https://five.epicollect.net/api/media/dzikie-wysypiska?type=photo&format=entry_original&name=98a268da-79a2-42ab-9a6e-ab3eeb3dba70_1646499120.jpg","2_Jeli_chcesz_dodaj_":"https://five.epicollect.net/api/media/dzikie-wysypiska?type=photo&format=entry_original&name=98a268da-79a2-42ab-9a6e-ab3eeb3dba70_1646499178.jpg","3_Jeli_chcesz_dodaj_":"https://five.epicollect.net/api/media/dzikie-wysypiska?type=photo&format=entry_original&name=98a268da-79a2-42ab-9a6e-ab3eeb3dba70_1646499193.jpg","4_Jeli_chcesz_dodaj_":"","5_Tutaj_zlokalizowan":{"latitude":51.767003,"longitude":19.443164,"accuracy":4,"UTM_Northing":5736270,"UTM_Easting":392571,"UTM_Zone":"34U"},"6_Jeeli_masz_uwagi_d":"Pogonowskiego 52","7_Dzisiejsza_data__p":"05/03/2022","8_Aktualny_czas__pro":"17:53:36","9_Czy_chcesz_nam_pow":"Nie","10_Jak_oceniasz_powi":"","11_Jaki_jest_charakt":"","12_Opisz_charakter_z":"","13_Czy_moesz_oceni_c":"","14_W_jakim_miejscu_j":"","15_Opisz_miejsce_zna":"","16_Czy_znalezione_wy":"","17_Jakie_rodzaje_odp":[],"18_Opisz_rodzaj_znal":"","19_Czy_po_raz_pierws":"Tak","20_Wymyl_swoj_nazw_u":"Ainka","21_Wpisz_swoj_nazw_u":"","22_Czy_chcesz_powied":"Tak, przechodz\u0119 do pyta\u0144 o mnie"},{"ec5_uuid":"0fb5be2d-3407-458d-b2d8-a6425af21db9","created_at":"2022-03-04T13:30:28.463Z","uploaded_at":"2022-03-04T13:30:33.000Z","title":"04/03/2022 14:29:19","1_Prosimy_o_zdjcie_z":"https://five.epicollect.net/api/media/dzikie-wysypiska?type=photo&format=entry_original&name=0fb5be2d-3407-458d-b2d8-a6425af21db9_1646400465.jpg","2_Jeli_chcesz_dodaj_":"https://five.epicollect.net/api/media/dzikie-wysypiska?type=photo&format=entry_original&name=0fb5be2d-3407-458d-b2d8-a6425af21db9_1646400488.jpg","3_Jeli_chcesz_dodaj_":"https://five.epicollect.net/api/media/dzikie-wysypiska?type=photo&format=entry_original&name=0fb5be2d-3407-458d-b2d8-a6425af21db9_1646400514.jpg","4_Jeli_chcesz_dodaj_":"https://five.epicollect.net/api/media/dzikie-wysypiska?type=photo&format=entry_original&name=0fb5be2d-3407-458d-b2d8-a6425af21db9_1646400528.jpg","5_Tutaj_zlokalizowan":{"latitude":51.789437,"longitude":19.441517,"accuracy":6,"UTM_Northing":5738768,"UTM_Easting":392511,"UTM_Zone":"34U"},"6_Jeeli_masz_uwagi_d":"Ty\u0142 bloku Urz\u0119dnicza 10","7_Dzisiejsza_data__p":"04/03/2022","8_Aktualny_czas__pro":"14:29:19","9_Czy_chcesz_nam_pow":"Tak","10_Jak_oceniasz_powi":"do 5 metr\u00f3w kwadratowych (m. kw) - mniejsze ni\u017c ma\u0142y pok\u00f3j","11_Jaki_jest_charakt":"drobne odpady rozproszone","12_Opisz_charakter_z":"","13_Czy_moesz_oceni_c":"le\u017c\u0105ce przez wiele miesi\u0119cy","14_W_jakim_miejscu_j":"teren zielony w mie\u015bcie (ziele\u0144 miejska, park, skwer)","15_Opisz_miejsce_zna":"","16_Czy_znalezione_wy":"Dobrze widoczne","17_Jakie_rodzaje_odp":["szk\u0142o "],"18_Opisz_rodzaj_znal":"Butelki, puszki","19_Czy_po_raz_pierws":"Nie","20_Wymyl_swoj_nazw_u":"","21_Wpisz_swoj_nazw_u":"Kraterek","22_Czy_chcesz_powied":""},{"ec5_uuid":"73eb16f1-d978-4154-88ca-db9f7b4ca947","created_at":"2022-03-04T13:23:15.196Z","uploaded_at":"2022-03-04T13:23:22.000Z","title":"04/03/2022 14:22:52","1_Prosimy_o_zdjcie_z":"https://five.epicollect.net/api/media/dzikie-wysypiska?type=photo&format=entry_original&name=73eb16f1-d978-4154-88ca-db9f7b4ca947_1646400139.jpg","2_Jeli_chcesz_dodaj_":"","3_Jeli_chcesz_dodaj_":"","4_Jeli_chcesz_dodaj_":"","5_Tutaj_zlokalizowan":{"latitude":51.790396,"longitude":19.441332,"accuracy":15,"UTM_Northing":5738874,"UTM_Easting":392500,"UTM_Zone":"34U"},"6_Jeeli_masz_uwagi_d":"Prusa 27 \u0141\u00f3d\u017a","7_Dzisiejsza_data__p":"04/03/2022","8_Aktualny_czas__pro":"14:22:52","9_Czy_chcesz_nam_pow":"Nie","10_Jak_oceniasz_powi":"","11_Jaki_jest_charakt":"","12_Opisz_charakter_z":"","13_Czy_moesz_oceni_c":"","14_W_jakim_miejscu_j":"","15_Opisz_miejsce_zna":"","16_Czy_znalezione_wy":"","17_Jakie_rodzaje_odp":[],"18_Opisz_rodzaj_znal":"","19_Czy_po_raz_pierws":"Nie","20_Wymyl_swoj_nazw_u":"","21_Wpisz_swoj_nazw_u":"Kraterek","22_Czy_chcesz_powied":""},{"ec5_uuid":"b9da6db8-4aaa-46a4-9d36-ede73ea0a793","created_at":"2022-03-03T12:41:55.716Z","uploaded_at":"2022-03-04T13:23:21.000Z","title":"03/03/2022 13:41:19 Kraterek","1_Prosimy_o_zdjcie_z":"https://five.epicollect.net/api/media/dzikie-wysypiska?type=photo&format=entry_original&name=b9da6db8-4aaa-46a4-9d36-ede73ea0a793_1646311186.jpg","2_Jeli_chcesz_dodaj_":"https://five.epicollect.net/api/media/dzikie-wysypiska?type=photo&format=entry_original&name=b9da6db8-4aaa-46a4-9d36-ede73ea0a793_1646311228.jpg","3_Jeli_chcesz_dodaj_":"","4_Jeli_chcesz_dodaj_":"","5_Tutaj_zlokalizowan":{"latitude":51.789072,"longitude":19.443193,"accuracy":6,"UTM_Northing":5738724,"UTM_Easting":392625,"UTM_Zone":"34U"},"6_Jeeli_masz_uwagi_d":"Okolice Urz\u0119dniczej 4 \u0141\u00f3d\u017a","7_Dzisiejsza_data__p":"03/03/2022","8_Aktualny_czas__pro":"13:41:19","9_Czy_chcesz_nam_pow":"Nie","10_Jak_oceniasz_powi":"","11_Jaki_jest_charakt":"","12_Opisz_charakter_z":"","13_Czy_moesz_oceni_c":"","14_W_jakim_miejscu_j":"","15_Opisz_miejsce_zna":"","16_Czy_znalezione_wy":"","17_Jakie_rodzaje_odp":[],"18_Opisz_rodzaj_znal":"","19_Czy_po_raz_pierws":"Tak","20_Wymyl_swoj_nazw_u":"Kraterek","21_Wpisz_swoj_nazw_u":"","22_Czy_chcesz_powied":"Tak, przechodz\u0119 do pyta\u0144 o mnie"},{"ec5_uuid":"9e918ae1-89c3-422d-a940-854629208b70","created_at":"2022-03-03T06:28:16.286Z","uploaded_at":"2022-03-03T06:28:22.000Z","title":"03/03/2022 07:27:35 Nukazet","1_Prosimy_o_zdjcie_z":"https://five.epicollect.net/api/media/dzikie-wysypiska?type=photo&format=entry_original&name=9e918ae1-89c3-422d-a940-854629208b70_1646288801.jpg","2_Jeli_chcesz_dodaj_":"","3_Jeli_chcesz_dodaj_":"","4_Jeli_chcesz_dodaj_":"","5_Tutaj_zlokalizowan":{"latitude":51.806207,"longitude":19.423256,"accuracy":35,"UTM_Northing":5740660,"UTM_Easting":391292,"UTM_Zone":"34U"},"6_Jeeli_masz_uwagi_d":"Ul. Lewa, \u0141\u00f3d\u017a","7_Dzisiejsza_data__p":"03/03/2022","8_Aktualny_czas__pro":"07:27:35","9_Czy_chcesz_nam_pow":"Nie","10_Jak_oceniasz_powi":"","11_Jaki_jest_charakt":"","12_Opisz_charakter_z":"","13_Czy_moesz_oceni_c":"","14_W_jakim_miejscu_j":"","15_Opisz_miejsce_zna":"","16_Czy_znalezione_wy":"","17_Jakie_rodzaje_odp":[],"18_Opisz_rodzaj_znal":"","19_Czy_po_raz_pierws":"Tak","20_Wymyl_swoj_nazw_u":"Nukazet","21_Wpisz_swoj_nazw_u":"","22_Czy_chcesz_powied":"Nie, na dzi\u015b ko\u0144czymy"},{"ec5_uuid":"edb37be0-9a65-11ec-a540-4dc26cd63cb8","created_at":"2022-03-02T20:18:31.198Z","uploaded_at":"2022-03-03T00:22:53.000Z","title":"03/03/2022 01:17:10 sierra","1_Prosimy_o_zdjcie_z":"https://five.epicollect.net/api/media/dzikie-wysypiska?type=photo&format=entry_original&name=edb37be0-9a65-11ec-a540-4dc26cd63cb8_1646266318.jpg","2_Jeli_chcesz_dodaj_":"https://five.epicollect.net/api/media/dzikie-wysypiska?type=photo&format=entry_original&name=edb37be0-9a65-11ec-a540-4dc26cd63cb8_1646266383.jpg","3_Jeli_chcesz_dodaj_":"https://five.epicollect.net/api/media/dzikie-wysypiska?type=photo&format=entry_original&name=edb37be0-9a65-11ec-a540-4dc26cd63cb8_1646266397.jpg","4_Jeli_chcesz_dodaj_":"https://five.epicollect.net/api/media/dzikie-wysypiska?type=photo&format=entry_original&name=edb37be0-9a65-11ec-a540-4dc26cd63cb8_1646266404.jpg","5_Tutaj_zlokalizowan":{"latitude":51.791324,"longitude":19.437196,"accuracy":4,"UTM_Northing":5738984,"UTM_Easting":392217,"UTM_Zone":"34U"},"6_Jeeli_masz_uwagi_d":"Sierakowskiego 23, \u0141\u00f3d\u017a, 91-316","7_Dzisiejsza_data__p":"03/03/2022","8_Aktualny_czas__pro":"01:17:10","9_Czy_chcesz_nam_pow":"Tak","10_Jak_oceniasz_powi":"od 51 do 500 m. kw - mieszkanie lub boisko do koszyk\u00f3wki","11_Jaki_jest_charakt":"kilka stos\u00f3w","12_Opisz_charakter_z":"","13_Czy_moesz_oceni_c":"le\u017c\u0105ce przez wiele miesi\u0119cy","14_W_jakim_miejscu_j":"na osiedlu mieszkalnym (na terenach zakrzewionych, na trawniku, mi\u0119dzy drzewami, pod budynkiem)","15_Opisz_miejsce_zna":"","16_Czy_znalezione_wy":"Dobrze widoczne","17_Jakie_rodzaje_odp":["armatura \u0142azienkowa (umywalka, sedes, wanna)","meble","elektroodpady (zu\u017cyty sprz\u0119t elektryczny i elektroniczny)\u00a0","zu\u017cyte\u00a0opony","cz\u0119\u015bci samochodowe","farby, tusze, lakiery","folie","plastik","tekstylia","szk\u0142o ","z\u0142om metalowy","puszki","butelki po alkoholu","\u015bmieci komunalne/ przydomowe \u2013 powstaj\u0105ce w codziennym funkcjonowaniu gospodarstwa domowego","inne"],"18_Opisz_rodzaj_znal":"Odpady g\u0142\u00f3wnie z okolicznych dzia\u0142alno\u015bci gospodarczych + odpady okolicznych \"ment\u00f3w\"","19_Czy_po_raz_pierws":"Tak","20_Wymyl_swoj_nazw_u":"sierra","21_Wpisz_swoj_nazw_u":"","22_Czy_chcesz_powied":"Tak, przechodz\u0119 do pyta\u0144 o mnie"},{"ec5_uuid":"e63c828d-0054-419b-a30c-d827c50778e0","created_at":"2022-03-02T16:33:04.582Z","uploaded_at":"2022-03-02T16:33:11.000Z","title":"02/03/2022 17:31:05","1_Prosimy_o_zdjcie_z":"https://five.epicollect.net/api/media/dzikie-wysypiska?type=photo&format=entry_original&name=e63c828d-0054-419b-a30c-d827c50778e0_1646238572.jpg","2_Jeli_chcesz_dodaj_":"https://five.epicollect.net/api/media/dzikie-wysypiska?type=photo&format=entry_original&name=e63c828d-0054-419b-a30c-d827c50778e0_1646238581.jpg","3_Jeli_chcesz_dodaj_":"https://five.epicollect.net/api/media/dzikie-wysypiska?type=photo&format=entry_original&name=e63c828d-0054-419b-a30c-d827c50778e0_1646238590.jpg","4_Jeli_chcesz_dodaj_":"","5_Tutaj_zlokalizowan":{"latitude":51.703802,"longitude":19.477981,"accuracy":5,"UTM_Northing":5729191,"UTM_Easting":394827,"UTM_Zone":"34U"},"6_Jeeli_masz_uwagi_d":"Na mapach Google miejsce nazywa si\u0119 Lasek Sosnowy mie\u015bci si\u0119 na ulicy Szczanieckiej W okolicach matki polki","7_Dzisiejsza_data__p":"02/03/2022","8_Aktualny_czas__pro":"17:31:05","9_Czy_chcesz_nam_pow":"Tak","10_Jak_oceniasz_powi":"do 5 metr\u00f3w kwadratowych (m. kw) - mniejsze ni\u017c ma\u0142y pok\u00f3j","11_Jaki_jest_charakt":"drobne odpady rozproszone","12_Opisz_charakter_z":"","13_Czy_moesz_oceni_c":"powsta\u0142e w ostatnich miesi\u0105cach","14_W_jakim_miejscu_j":"teren zielony w mie\u015bcie (ziele\u0144 miejska, park, skwer)","15_Opisz_miejsce_zna":"","16_Czy_znalezione_wy":"Dobrze widoczne","17_Jakie_rodzaje_odp":["folie","plastik","szk\u0142o ","butelki po alkoholu","puszki"],"18_Opisz_rodzaj_znal":"S\u0105 to rozproszone \u015bmieci, butelki puszki po piwie, butelki po alkoholu i torby foliowe z jakimi\u015b odpadami. Rozproszona \u015bmieci s\u0105 po ca\u0142ym blasku w niekt\u00f3rych miejscach s\u0105 skupiska.","19_Czy_po_raz_pierws":"Nie","20_Wymyl_swoj_nazw_u":"","21_Wpisz_swoj_nazw_u":"Ktk","22_Czy_chcesz_powied":""},{"ec5_uuid":"222c94af-0de6-4798-bb29-25098163173f","created_at":"2022-03-02T16:20:00.099Z","uploaded_at":"2022-03-02T16:29:05.000Z","title":"02/03/2022 17:15:01","1_Prosimy_o_zdjcie_z":"https://five.epicollect.net/api/media/dzikie-wysypiska?type=photo&format=entry_original&name=222c94af-0de6-4798-bb29-25098163173f_1646237611.jpg","2_Jeli_chcesz_dodaj_":"https://five.epicollect.net/api/media/dzikie-wysypiska?type=photo&format=entry_original&name=222c94af-0de6-4798-bb29-25098163173f_1646237631.jpg","3_Jeli_chcesz_dodaj_":"https://five.epicollect.net/api/media/dzikie-wysypiska?type=photo&format=entry_original&name=222c94af-0de6-4798-bb29-25098163173f_1646237637.jpg","4_Jeli_chcesz_dodaj_":"","5_Tutaj_zlokalizowan":{"latitude":51.699661,"longitude":19.478178,"accuracy":5,"UTM_Northing":5728730,"UTM_Easting":394831,"UTM_Zone":"34U"},"6_Jeeli_masz_uwagi_d":"Ulica J\u00f3zefowska \u0141\u00f3d\u017a","7_Dzisiejsza_data__p":"02/03/2022","8_Aktualny_czas__pro":"17:15:01","9_Czy_chcesz_nam_pow":"Tak","10_Jak_oceniasz_powi":"od 6 do 50 m. kw - pok\u00f3j lub kilka pokoi","11_Jaki_jest_charakt":"zwarty stos odpad\u00f3w","12_Opisz_charakter_z":"","13_Czy_moesz_oceni_c":"le\u017c\u0105ce przez wiele miesi\u0119cy","14_W_jakim_miejscu_j":"inne","15_Opisz_miejsce_zna":"Wysypisko \u015bmieci jest zgromadzone za ogrodzeniem domku jednorodzinnego. Jest to prawdopodobnie kompulsywne zbieracz. \u015amieci mog\u0105 by\u0107 niebezpieczne i stwarza\u0107 zagro\u017cenie po\u017carowe. Taka jest moja opinia.","16_Czy_znalezione_wy":"Dobrze widoczne","17_Jakie_rodzaje_odp":["armatura \u0142azienkowa (umywalka, sedes, wanna)","meble","elektroodpady (zu\u017cyty sprz\u0119t elektryczny i elektroniczny)\u00a0","folie","plastik","z\u0142om metalowy"],"18_Opisz_rodzaj_znal":"Jest du\u017co odpad\u00f3w z starych Mebli a tak\u017ce plastikowych cz\u0119\u015bci r\u00f3\u017cnego rodzaju jest tak \u017ce materia\u0142, tekstylia. Odpady metalowe, du\u017co desek,Plastikowe krzes\u0142a, tak\u017ce du\u017co zapakowanych w torby plastikowe rzeczy kt\u00f3re trudno zidentyfikowa\u0107, jest te\u017c Armatura \u0141azienkowa, cz\u0119\u015bci po lod\u00f3wkach, Grille, Grabie.","19_Czy_po_raz_pierws":"Nie","20_Wymyl_swoj_nazw_u":"","21_Wpisz_swoj_nazw_u":"Ktk","22_Czy_chcesz_powied":""},{"ec5_uuid":"5975a8da-ae77-4b66-87b0-77830a307b5d","created_at":"2022-03-02T12:06:01.992Z","uploaded_at":"2022-03-02T12:34:12.000Z","title":"02/03/2022 13:05:31 MacieJ","1_Prosimy_o_zdjcie_z":"https://five.epicollect.net/api/media/dzikie-wysypiska?type=photo&format=entry_original&name=5975a8da-ae77-4b66-87b0-77830a307b5d_1646222678.jpg","2_Jeli_chcesz_dodaj_":"https://five.epicollect.net/api/media/dzikie-wysypiska?type=photo&format=entry_original&name=5975a8da-ae77-4b66-87b0-77830a307b5d_1646222696.jpg","3_Jeli_chcesz_dodaj_":"https://five.epicollect.net/api/media/dzikie-wysypiska?type=photo&format=entry_original&name=5975a8da-ae77-4b66-87b0-77830a307b5d_1646222701.jpg","4_Jeli_chcesz_dodaj_":"https://five.epicollect.net/api/media/dzikie-wysypiska?type=photo&format=entry_original&name=5975a8da-ae77-4b66-87b0-77830a307b5d_1646222707.jpg","5_Tutaj_zlokalizowan":{"latitude":51.725294,"longitude":19.466884,"accuracy":4,"UTM_Northing":5731597,"UTM_Easting":394110,"UTM_Zone":"34U"},"6_Jeeli_masz_uwagi_d":"Ul Rymanowska przy dzia\u0142kach i teren opuszczonej dzia\u0142ki pomi\u0119dzy dzia\u0142ka firmy ALKATEX a dzaialkami ROD","7_Dzisiejsza_data__p":"02/03/2022","8_Aktualny_czas__pro":"13:05:31","9_Czy_chcesz_nam_pow":"Nie","10_Jak_oceniasz_powi":"","11_Jaki_jest_charakt":"","12_Opisz_charakter_z":"","13_Czy_moesz_oceni_c":"","14_W_jakim_miejscu_j":"","15_Opisz_miejsce_zna":"","16_Czy_znalezione_wy":"","17_Jakie_rodzaje_odp":[],"18_Opisz_rodzaj_znal":"","19_Czy_po_raz_pierws":"Tak","20_Wymyl_swoj_nazw_u":"MacieJ","21_Wpisz_swoj_nazw_u":"","22_Czy_chcesz_powied":"Nie, na dzi\u015b ko\u0144czymy"},{"ec5_uuid":"2e4542a3-8ed8-4e90-b790-a929fff46deb","created_at":"2022-03-01T17:12:50.798Z","uploaded_at":"2022-03-01T17:13:09.000Z","title":"01/03/2022 18:11:22 Dim79","1_Prosimy_o_zdjcie_z":"https://five.epicollect.net/api/media/dzikie-wysypiska?type=photo&format=entry_original&name=2e4542a3-8ed8-4e90-b790-a929fff46deb_1646154214.jpg","2_Jeli_chcesz_dodaj_":"","3_Jeli_chcesz_dodaj_":"","4_Jeli_chcesz_dodaj_":"","5_Tutaj_zlokalizowan":{"latitude":"","longitude":"","accuracy":"","UTM_Northing":"","UTM_Easting":"","UTM_Zone":""},"6_Jeeli_masz_uwagi_d":"To dzikie wysypisko mie\u015bci si\u0119 si\u0119 przy ulicy Hanuszkiewicza w \u0141odzi, 100 metr\u00f3w od ulicy Brzezi\u0144skiej. Dobrym pomys\u0142em by\u0142oby zainstalowanie tam fotopu\u0142apki, gdy\u017c co roku tam zostaj\u0105 wyrzucane \u015bmieci.","7_Dzisiejsza_data__p":"01/03/2022","8_Aktualny_czas__pro":"18:11:22","9_Czy_chcesz_nam_pow":"Nie","10_Jak_oceniasz_powi":"","11_Jaki_jest_charakt":"","12_Opisz_charakter_z":"","13_Czy_moesz_oceni_c":"","14_W_jakim_miejscu_j":"","15_Opisz_miejsce_zna":"","16_Czy_znalezione_wy":"","17_Jakie_rodzaje_odp":[],"18_Opisz_rodzaj_znal":"","19_Czy_po_raz_pierws":"Tak","20_Wymyl_swoj_nazw_u":"Dim79","21_Wpisz_swoj_nazw_u":"","22_Czy_chcesz_powied":"Nie, na dzi\u015b ko\u0144czymy"},{"ec5_uuid":"8f69298d-8528-4f7f-9ec2-9ef651dc06d7","created_at":"2022-03-01T16:17:29.083Z","uploaded_at":"2022-03-01T16:17:36.000Z","title":"01/03/2022 17:17:00","1_Prosimy_o_zdjcie_z":"https://five.epicollect.net/api/media/dzikie-wysypiska?type=photo&format=entry_original&name=8f69298d-8528-4f7f-9ec2-9ef651dc06d7_1646151407.jpg","2_Jeli_chcesz_dodaj_":"","3_Jeli_chcesz_dodaj_":"","4_Jeli_chcesz_dodaj_":"","5_Tutaj_zlokalizowan":{"latitude":51.767463,"longitude":19.479525,"accuracy":6,"UTM_Northing":5736268,"UTM_Easting":395081,"UTM_Zone":"34U"},"6_Jeeli_masz_uwagi_d":"","7_Dzisiejsza_data__p":"01/03/2022","8_Aktualny_czas__pro":"17:17:00","9_Czy_chcesz_nam_pow":"Nie","10_Jak_oceniasz_powi":"","11_Jaki_jest_charakt":"","12_Opisz_charakter_z":"","13_Czy_moesz_oceni_c":"","14_W_jakim_miejscu_j":"","15_Opisz_miejsce_zna":"","16_Czy_znalezione_wy":"","17_Jakie_rodzaje_odp":[],"18_Opisz_rodzaj_znal":"","19_Czy_po_raz_pierws":"Nie","20_Wymyl_swoj_nazw_u":"","21_Wpisz_swoj_nazw_u":"Uffo7","22_Czy_chcesz_powied":""},{"ec5_uuid":"34736db1-8b74-4c66-8c2b-1578b51d4dc2","created_at":"2022-03-01T16:13:28.982Z","uploaded_at":"2022-03-01T16:13:35.000Z","title":"01/03/2022 17:12:56 Uffo7","1_Prosimy_o_zdjcie_z":"https://five.epicollect.net/api/media/dzikie-wysypiska?type=photo&format=entry_original&name=34736db1-8b74-4c66-8c2b-1578b51d4dc2_1646151162.jpg","2_Jeli_chcesz_dodaj_":"","3_Jeli_chcesz_dodaj_":"","4_Jeli_chcesz_dodaj_":"","5_Tutaj_zlokalizowan":{"latitude":51.767922,"longitude":19.482368,"accuracy":5,"UTM_Northing":5736315,"UTM_Easting":395278,"UTM_Zone":"34U"},"6_Jeeli_masz_uwagi_d":"","7_Dzisiejsza_data__p":"01/03/2022","8_Aktualny_czas__pro":"17:12:56","9_Czy_chcesz_nam_pow":"Nie","10_Jak_oceniasz_powi":"","11_Jaki_jest_charakt":"","12_Opisz_charakter_z":"","13_Czy_moesz_oceni_c":"","14_W_jakim_miejscu_j":"","15_Opisz_miejsce_zna":"","16_Czy_znalezione_wy":"","17_Jakie_rodzaje_odp":[],"18_Opisz_rodzaj_znal":"","19_Czy_po_raz_pierws":"Tak","20_Wymyl_swoj_nazw_u":"Uffo7","21_Wpisz_swoj_nazw_u":"","22_Czy_chcesz_powied":"Nie, na dzi\u015b ko\u0144czymy"}]}